name,start,provisional_end,size,instruction,opcode,target,direction,delta
main_,24,87,63,24,jmp,87,after,0
main2_,87,1179,1092,1007,jmp,6,before,81
Set_Refresh_,1927,1967,40,1934,je,1133413,after,1131446
Set_Game_Random_Seed_,1994,2022,28,2006,je,1132664,after,1130642
Check_Command_Line_Parameters_,2022,2574,552,2569,jmp,991,before,1031
Save_Game_,5643,7140,1497,5860,jmp,5630,before,13
Get_Saved_Game_Descriptions_,7299,7684,385,7679,jmp,5637,before,1662
Get_Star_Date_From_Save_File_,7766,7845,79,7843,jmp,7760,before,6
Save_Out_Settings_To_Temp_File_,7953,8140,187,8135,jmp,7947,before,6
Get_Game_Type_From_Saved_Game_,8140,8237,97,8191,je,7757,before,383
Save_Session_Related_Settings_,8240,8442,202,8437,jmp,5636,before,2604
Init_Players_,10627,11637,1010,11632,jmp,9159,before,1468
Init_Leaders_,12415,12660,245,12655,jmp,9159,before,3256
Init_Non_Homeworld_Colony_,16312,16345,33,16319,jmp,16305,before,7
Remove_Building_,17898,18391,493,17966,jb,17892,before,6
Mox_Play_Sound_,18391,18407,16,18398,jne,1057689,after,1039282
Do_Academy_At_Location_Check_,18554,18709,155,18583,jne,18548,before,6
Control_Main_Council_Screen_,21408,21537,129,21532,jmp,22222,after,685
Reload_Main_Council_Screen_,22228,23440,1212,23435,jmp,22222,before,6
Get_Council_Message_,23529,23984,455,23545,ja,22221,before,1308
Council_Votes_,24252,24609,357,24604,jmp,22222,before,2030
Drive_Council_Player_Voted_Winner_,27199,27346,147,27260,jne,25400,before,1799
Get_Main_Diplomacy_Choices_,30092,30791,699,30786,jmp,29188,before,904
Diplomacy_Fade_In_,31751,32029,278,31826,je,29189,before,2562
Diplomacy_Break_Treaty_,32980,33545,565,33380,ja,32569,before,411
Get_Human_Declare_War_Message_,34198,34237,39,34219,jmp,34165,before,33
Get_Human_Form_Treaty_Message_,35040,35308,268,35303,jmp,84473,after,49165
Get_Human_Tech_Exchange_Accept_Message_,35623,35646,23,35641,jmp,35465,before,158
Get_Human_Tech_Exchange_Decline_Message_,35646,35705,59,35664,jmp,35465,before,181
Diplomacy_Offer_Gift_,38085,39193,1108,38535,ja,37274,before,811
Get_Diplomacy_Demand_Treaty_List_,42061,42247,186,42242,jmp,40281,before,1780
Npc_Give_Gift_,44725,44960,235,44791,jmp,32569,before,12156
Npc_Diplomacy_Screen_,44966,45163,197,44991,je,43962,before,1004
Check_Better_Offer_Available_,45914,46005,91,45941,je,32569,before,13345
Get_Human_Demand_Response_,46520,46884,364,46691,jmp,40281,before,6239
Diplomacy_Mouse_Init_,47406,48475,1069,48470,jmp,29189,before,18217
Diplomacy_Human_Need_Better_Offer_,48475,50199,1724,50194,jmp,32569,before,15906
Check_Surrender_System_,50199,50297,98,50292,jmp,32569,before,17630
Draw_Diplomacy_System_Text_,51417,51836,419,51831,jmp,32569,before,18848
Diplomacy_System_Scan_,51836,52045,209,52040,jmp,40281,before,11555
Diplomacy_Exchange_Technology_,52045,53169,1124,52127,jle,32569,before,19476
Diplomacy_Surrender_,53496,53815,319,53597,je,31556,before,21940
Diplomacy_Offer_Money_,53815,54629,814,54299,jle,51168,before,2647
An_,56855,57080,225,57049,jmp,3941719774,after,3941662694
Get_Net_Diplomacy_Choices_,57080,60695,3615,58812,jne,29188,before,27892
Diplomacy_Listen_Mode_,60905,61275,370,61270,jmp,32569,before,28336
Diplomacy_Synch_Mode_,61743,61821,78,61816,jmp,1085898,after,1024077
Get_Listen_Mode_Message_,62283,62332,49,62327,jmp,34170,before,28113
Load_Diplomacy_Text_Messages_,62332,64531,2199,64526,jmp,29189,before,33143
Setup_Diplomacy_Help_,64531,64774,243,64599,jne,32569,before,31962
Set_Opportunity_Attacks_,64896,65269,373,65240,jmp,29188,before,35708
Add_Diplomacy_Turn_Summary_Messages_,65269,65517,248,65512,jmp,29188,before,36081
Resolve_Delayed_Diplomacy_Orders_,65517,65731,214,65726,jmp,29189,before,36328
Setup_Next_Event_,70513,72557,2044,72108,je,81305,after,8748
Determine_Event_,74506,77143,2637,74744,jne,81305,after,4162
Get_Event_Victim_,77143,77660,517,77595,jne,81305,after,3645
Get_Antaran_Victim_,77660,78006,346,78001,jmp,81305,after,3299
Get_Event_Climate_Change_Colony_,78092,78260,168,78255,jmp,81306,after,3046
Get_Event_Industrial_Accident_Colony_,78260,78430,170,78350,jne,78253,before,7
Get_Event_Mineral_Depletion_Colony_,78430,78523,93,78450,jne,78253,before,177
Get_Event_Mineral_Deposit_Colony_,78523,78636,113,78543,jne,78253,before,270
Event_Check_Planet_Warning_,79203,79679,476,79220,jg,81305,after,1626
Pick_Completely_Random_Star_,80479,80680,201,80664,jle,78253,before,2226
Ship_Size_Points_At_Star_,80680,80740,60,80735,jmp,74363,before,6317
Pick_Random_Player_In_Contact_,80765,80876,111,80871,jmp,81305,after,429
Pick_Random_Star_,80876,81057,181,81052,jmp,81305,after,248
Pick_Random_Officer_,81057,81133,76,81128,jmp,81306,after,173
Pick_Random_Ship_,81133,81220,87,81218,jmp,81306,after,86
Pick_Random_Colony_No_Capitol_,81312,81406,94,81404,jmp,81303,before,9
Kill_All_Events_At_Colony_,81951,82639,688,82512,jne,81306,before,645
Star_Has_Event_,82684,83087,403,83063,jmp,325,before,82359
Determine_Lucky_Players_Events_,83217,83396,179,83377,jge,81303,before,1914
Stop_Background_Music_,84017,84047,30,84042,jmp,1063502,after,979455
Get_Text_Message_,84473,84682,209,84674,jno,84752,after,70
Decode_Text_Name_,85296,85324,28,85319,jmp,85536,after,212
Decode_Text_Race_,85296,85324,28,85319,jmp,85536,after,212
Decode_Text_Race_And_Name_,85296,85324,28,85319,jmp,85536,after,212
Decode_Text_Name_And_System_,85354,85379,25,85377,jmp,85348,before,6
Decode_Text_Name_And_Tech_,85379,85404,25,85402,jmp,85348,before,31
Decode_Text_Name_And_Name_,85488,85512,24,85507,jmp,85343,before,145
Decode_Text_System_,85543,85566,23,85564,jmp,85534,before,9
Decode_Text_Field_,85566,85588,22,85586,jmp,85532,before,34
Decode_Text_Tech_And_Other_Name_,85619,85654,35,85649,jmp,85435,before,184
NPC_Tech_Exchange_,86725,86741,16,86736,jmp,93099,after,6358
NPC_To_NPC_Treaty_Negotiations_,87341,88786,1445,88781,jmp,87334,before,7
Eliminate_NPC_Treaty_Conflicts_,89030,89212,182,89207,jmp,87334,before,1696
NPC_Diplomacy_Buildup_Penalties_,89212,89585,373,89241,jne,87334,before,1878
NPC_Declarations_Of_War_,89585,91914,2329,91909,jmp,87334,before,2251
NPC_Peace_Negotiations_,91914,92317,403,92312,jmp,87334,before,4580
NPC_To_Human_Diplomacy_,92560,93117,557,93112,jmp,87334,before,5226
Get_Tech_Exchange_Expectation_,94138,94356,218,94331,jmp,89024,before,5114
NPC_Good_Proposal_Check_,95086,95495,409,95483,jmp,89024,before,6062
NPC_Message_Rejection_Check_,95583,95974,391,95958,jp,96079,after,105
NPC_Treaty_Hatred_,96207,96829,622,96223,jb,87334,before,8873
NPC_Surrender_Check_,96829,98086,1257,98081,jmp,87334,before,9495
Does_Ship_Have_Missiles_Incoming_,98086,98207,121,98202,jmp,113407,after,15200
Safe_To_Fire_Sphere_Weapon_,98207,98664,457,98649,jge,98199,before,8
Ai_Self_Destruct_Check_,98664,99782,1118,99777,jmp,113408,after,13626
Ai_Stasis_Check_,99914,100072,158,100067,jmp,113407,after,13335
Range_To_Ship_,100442,100804,362,100799,jmp,110744,after,9940
Expected_Missile_Damage_,102062,102618,556,102606,jmp,102056,before,6
Missile_Overkill_Check_,103384,103552,168,103547,jmp,113407,after,9855
Check_For_Launched_Fighters_,103552,103647,95,103643,jne,103538,before,14
Is_Ship_Targeted_By_Missile_,103888,103958,70,103942,jge,103616,before,272
Crystal_Control_,104336,104503,167,104348,je,113407,after,8904
Do_Auto_Ship_Turn_,104503,106267,1764,104530,jne,113407,after,7140
Select_Missile_To_Target_,106821,107065,244,107060,jmp,113407,after,6342
Select_Ship_To_Target_,107626,107752,126,107747,jmp,103544,before,4082
Combat_Ship_Class_,107845,108413,568,108383,jmp,110744,after,2331
Auto_Move_Ship_,108965,109817,852,109812,jmp,110744,after,927
Get_Current_Target_,110750,110993,243,110859,jmp,110744,before,6
Get_Effective_Missile_Strength_,111101,112588,1487,112583,jmp,110744,before,357
Average_Missile_Kills_,112588,113123,535,113118,jmp,103378,before,9210
Get_Total_Hits_,113414,113569,155,113564,jmp,113408,before,6
Retreat_Check_,113569,114213,644,114208,jmp,113407,before,162
Get_Long_Range_Beam_Strength_,114213,114547,334,114542,jmp,113405,before,808
Get_Player_Mode_,115770,116053,283,115826,jmp,113407,before,2363
Full_Draw_Combat_Screen_,116410,117708,1298,116427,je,146174,after,28466
Draw_Special_Status_Display_,125325,125711,386,125640,jne,146174,after,20463
Draw_Blip3_,125826,126037,211,126032,jmp,125817,before,9
Draw_Blip4_,126037,126344,307,126339,jmp,125817,before,220
Draw_Blip5_,126344,126801,457,126796,jmp,125817,before,527
Draw_Reduced_Combat_Map_,127346,127874,528,127869,jmp,146174,after,18300
Draw_Main_Combat_Screen_,128238,131170,2932,128301,je,146174,after,15004
Draw_Ship_,131170,132657,1487,131427,jmp,123570,before,7600
Combat_Draw_View_Ship_,132657,139045,6388,139040,jmp,146175,after,7130
Detailed_View_Ship_,139045,139843,798,139774,jmp,146174,after,6331
Draw_Shield_Arcs_,139843,141109,1266,139860,je,146174,after,5065
Draw_Weapon_Arcs_,141109,141732,623,141727,jmp,146174,after,4442
Draw_Retreating_Ship_,142740,143702,962,143017,jne,146174,after,2472
Ship_On_Screen_,146201,146437,236,146326,ja,146172,before,29
Create_Ship_Darken_Map_,148102,148564,462,148543,jmp,146174,before,1928
Draw_Internals_Display_,148894,149793,899,148921,je,125313,before,23581
Draw_Legal_Boxes_,150198,150594,396,150215,je,146174,before,4024
Move_Options_Background_,150594,151240,646,151235,jmp,146174,before,4420
Draw_Board_Popup_,151240,151491,251,151486,jmp,127334,before,23906
Defensive_Combat_Bonus_,154893,155148,255,155143,jmp,154676,before,217
Get_Fleet_Pilot_Bonus_,155310,155402,92,155397,jmp,155235,before,75
Leader_Ordnance_Bonus_,155469,155518,49,155504,jmp,155304,before,165
Get_Fleet_Ordnance_Bonus_,155518,155610,92,155605,jmp,155235,before,283
Get_Fleet_Commando_Bonus_,155610,155702,92,155697,jmp,155235,before,375
Commando_Bonus_,155702,155770,68,155739,jmp,155304,before,398
Engineer_Bonus_,155770,155818,48,155807,jmp,155304,before,466
Get_Fleet_Security_Bonus_,155818,155910,92,155905,jmp,155235,before,583
Security_Bonus_,155910,155961,51,155947,jmp,155304,before,606
Init_Internal_Space_,156784,157359,575,157354,jmp,156554,before,230
Offensive_Combat_Bonus_,157405,157565,160,157560,jmp,154676,before,2729
Helmsman_Bonus_,157565,157614,49,157600,jmp,155304,before,2261
Weaponry_Bonus_,157614,157663,49,157649,jmp,155304,before,2310
Galactic_Lore_Bonus_,157663,157712,49,157698,jmp,155304,before,2359
Defensive_Fire_Check_,159441,160115,674,159469,je,153627,before,5814
Max_Defensive_Fire_Range_,160115,160340,225,160335,jmp,156554,before,3561
Get_Combat_Ship_Special_Id_,160340,160445,105,160440,jmp,154676,before,5664
Apply_Combat_Artemis_Net_,165519,165946,427,165941,jmp,156554,before,8965
Used_Teleporter_,166006,166028,22,166026,jmp,165969,before,37
Set_Teleporter_Used_,166028,166050,22,166048,jmp,165999,before,29
Already_Boarded_,166050,166072,22,166070,jmp,165966,before,84
Set_Boarded_Flag_,166072,166094,22,166092,jmp,165996,before,76
Being_Captured_,166094,166119,25,166114,jmp,165966,before,128
Set_Capturing_Flag_,166119,166144,25,166139,jmp,165996,before,123
Fire_Special_Weapon_,174127,175136,1009,174309,jb,169201,before,4926
Fire_Fighter_Beam_,175447,176051,604,176014,jne,172211,before,3236
Energy_Absorber_Attack_,176247,176946,699,176941,jmp,176241,before,6
BHG_,177703,178237,534,178232,jmp,176241,before,1462
Find_Weakest_Shield_,187279,187345,66,187340,jmp,182396,before,4883
Draw_Fighter_,187345,187864,519,187859,jmp,181547,before,5798
Retarget_Missile_,187864,188301,437,188296,jmp,182396,before,5468
QGet_Target_SC_,204576,204672,96,204667,jmp,204418,before,158
Missile_Attack_,204672,204992,320,204727,jle,196332,before,8340
Strat_Special_Attack_,205148,205343,195,205225,jle,196332,before,8816
Beam_Attack_,205343,205644,301,205437,jle,196332,before,9011
Resolve_Strat_Colony_Damage_,205814,206206,392,205850,ja,204570,before,1244
Bombardment_,206459,206721,262,206634,jmp,204570,before,1889
Enemy_Dissipator_Exists_,207457,207551,94,207546,jmp,208354,after,803
Seeking_Missiles_,216740,217743,1003,217738,jmp,208353,before,8387
Calc_Current_Speed_,217743,218203,460,218198,jmp,208353,before,9390
Check_For_Winner_,218203,218375,172,218370,jmp,208354,before,9849
Next_Ship_,218532,219212,680,218576,jmp,208353,before,10179
Ship_Done_Check_,219405,219492,87,219487,jmp,207451,before,11954
Add_Missile_Fields_,220839,221226,387,221221,jmp,208353,before,12486
Set_Combat_Help_Fields_,221226,222672,1446,222667,jmp,208353,before,12873
Add_Tactical_Combat_Fields_,222672,224456,1784,223056,jmp,208353,before,14319
Assign_Combat_Grids_,224456,225090,634,225043,jne,208353,before,16103
Assign_Mouse_Images_,225090,226607,1517,226602,jmp,208353,before,16737
Set_Legal_Moves_,226607,227490,883,227486,jg,227490,after,0
Scroll_Combat_Screen_,236097,236809,712,236804,jmp,234657,before,1440
Load_Combat_Ship_Palette_,237465,237866,401,237861,jmp,234657,before,2808
Load_Individual_Ship_Pictures_,237866,238820,954,238815,jmp,234657,before,3209
Increment_Bhg_,238820,238965,145,238960,jmp,234657,before,4163
Plasma_Web_Damage_,239054,239504,450,239499,jmp,234657,before,4397
Recharge_Shields_,239504,239748,244,239743,jmp,234657,before,4847
Load_Tactical_Colony_,240182,241690,1508,241670,je,236091,before,4091
Unload_Combat_Ship_,244193,244693,500,244229,je,234657,before,9536
Load_Combat_Satelite_,244693,248310,3617,248305,jmp,234657,before,10036
Load_Display_Combat_Ship_,248606,249831,1225,249780,jae,234658,before,13948
Repair_All_Combat_Ships_,249831,250126,295,250101,jmp,234657,before,15174
Load_Combat_Antaran_Ship_,250126,250177,51,250130,ja,248605,before,1521
Load_Antaran_Star_Fortress_,250254,251790,1536,251761,jmp,234657,before,15597
End_Of_Turn_Diplomacy_Adjustments_,252594,253291,697,253286,jmp,252587,before,7
Diplomacy_Growth_,253291,254901,1610,254787,jne,252587,before,704
Determine_Diplomacy_Messages_,256774,258268,1494,258263,jmp,252587,before,4187
Fleet_Strength_Comparison_,262351,262500,149,262495,jmp,261643,before,708
Maintenance_Strength_Comparison_,262558,262602,44,262600,jmp,262550,before,8
Unprovoked_Good_Messages_,262602,264231,1629,262640,jge,261643,before,959
Clear_Diplomacy_Messages_,264460,264913,453,264908,jmp,252587,before,11873
Determine_First_Contacts_,265047,265644,597,265639,jmp,252587,before,12460
Modifier_Diplomacy_Adjustments_,265644,266207,563,266202,jmp,252588,before,13056
Declare_War_,266360,267150,790,266465,jge,261643,before,4717
Break_Treaties_,267150,268123,973,268118,jmp,261643,before,5507
Break_Research_,268123,268716,593,268142,jge,261643,before,6480
Break_Trade_,268716,269314,598,268735,jge,261643,before,7073
Break_Tribute_,269314,269774,460,269333,jge,261643,before,7671
Total_War_Loss_Comparison_,270095,270309,214,270304,jmp,261643,before,8452
Start_Research_Treaty_,270672,270911,239,270906,jmp,261643,before,9029
Start_Trade_Treaty_,270911,271150,239,271145,jmp,261643,before,9268
Declare_Peace_,271611,271874,263,271869,jmp,261643,before,9968
Check_Treaty_Proposal_,272173,274758,2585,274738,jge,274790,after,32
Get_Declare_War_Message_,276156,276259,103,276243,jbe,276300,after,41
Get_Gift_Response_,276259,276953,694,276912,jmp,256768,before,19491
Get_Demand_Response_,276953,278166,1213,278086,jne,256509,before,20444
NPC_Sneak_Attacks_,278235,279713,1478,279708,jmp,252587,before,25648
Sneak_Attack_Evaluations_,279713,281792,2079,281787,jmp,256768,before,22945
Init_Ship_Designs_,282559,282956,397,282703,jge,289332,after,6376
Load_Antaran_Ship_Design_,282956,282977,21,282960,ja,285457,after,2480
Load_Small_Antaran_Combat_Ship_,282977,283492,515,283487,jmp,285452,after,1960
Load_Small_Antaran_Design_,283492,283692,200,283687,jmp,285452,after,1760
Load_Medium_Antaran_Combat_Ship_,283692,284253,561,284248,jmp,283473,before,219
Load_Medium_Antaran_Design_,284253,284472,219,284467,jmp,283663,before,590
Load_Large_Antaran_Combat_Ship_,284472,285148,676,285143,jmp,283473,before,999
Load_Huge_Antaran_Combat_Ship_,285458,286230,772,286225,jmp,283473,before,1985
Load_Huge_Antaran_Design_,286230,286567,337,286562,jmp,285428,before,802
Load_Titan_Antaran_Combat_Ship_,286567,287446,879,287441,jmp,289332,after,1886
Load_Titan_Antaran_Design_,287446,287840,394,287835,jmp,285428,before,2018
Load_Outpost_Ship_Design_,288134,288318,184,288313,jmp,288128,before,6
Best_Armor_,288863,289003,140,288970,jmp,288775,before,88
Best_Beam_Weapon_,289003,289180,177,289175,jmp,290072,after,892
Best_Point_Defense_Weapon_,289180,289338,158,289333,jmp,285452,before,3728
Best_Point_Defense_Weapon_By_Size_,289400,289574,174,289426,jge,289325,before,75
Best_Missile_Weapon_,289574,289786,212,289696,jge,290072,after,286
Best_Missile_Weapon_NT_,289786,289954,168,289892,jge,289173,before,613
Best_Beam_To_Hit_Special_,290308,290418,110,290327,jge,290070,before,238
Best_Beam_Damage_Special_,290418,290544,126,290437,jge,290070,before,348
Best_Beam_Defense_Special_,290544,290670,126,290563,jge,290070,before,474
Best_Missile_Defense_Special_,290670,290796,126,290689,jge,290070,before,600
Best_Missile_Damage_Special_,290796,290930,134,290917,jne,289173,before,1623
Best_Ship_Fuel_,290975,291090,115,291072,jge,290070,before,905
Update_Player_Ship_Designs_,291090,291223,133,291116,jmp,289332,before,1758
Update_Equipment_On_Ships_Being_Built_,291223,291499,276,291253,jne,289332,before,1891
Update_Automatic_Design_Equipment_,291499,291783,284,291778,jmp,289332,before,2167
Update_Strategic_Ship_Designs_,291783,292001,218,291996,jmp,289332,before,2451
Update_Player_Strategic_Ship_Designs_,292001,292198,197,292193,jmp,289332,before,2669
Load_Eel_Ship_Design_,294164,294427,263,294422,jmp,288128,before,6036
Load_Guardian_Ship_Design_,294700,295048,348,295043,jmp,285449,before,9251
Check_For_Auto_Refit_,295048,295157,109,295152,jmp,285452,before,9596
Repair_Ships_At_Colonies_,295157,295411,254,295406,jmp,288775,before,6382
Ship_Has_Weapon_,295536,295615,79,295610,jmp,288128,before,7408
Load_Loknar_Ship_Design_,296071,296416,345,296383,jmp,285449,before,10622
Get_Weighted_Choice_Long_,296779,296883,104,296867,jle,296774,before,5
Get_Weighted_Choice_Best_Long_,296967,297043,76,297041,jmp,296961,before,6
Calculate_Picks_,299091,299269,178,299264,jmp,300703,after,1434
Draw_Racial_Option_Screen_,300709,303009,2300,303004,jmp,300681,before,28
Racial_Option_Screen_,304060,305876,1816,305267,jmp,300696,before,3364
Add_Race_Options_Fields_,305876,306583,707,306578,jmp,299263,before,6613
Convert_Player_To_Flags_,306583,306744,161,306739,jmp,299263,before,7320
Setup_Evolutionary_Upgrade_,307370,307530,160,307525,jmp,299263,before,8107
Convert_Player_To_Flags_EM_,308429,308645,216,308640,jmp,299263,before,9166
Convert_Flags_To_Player_EM_,308645,308809,164,308804,jmp,306926,before,1719
Evolutionary_Mutation_Screen_,308809,310308,1499,310303,jmp,300696,before,8113
Draw_Race_Selection_Screen_,310679,311822,1143,311817,jmp,310673,before,6
Race_Selection_Screen_,312592,315191,2599,315186,jmp,311810,before,782
Draw_Flag_Screen_,315191,315391,200,315386,jmp,310672,before,4519
Set_Flag_Screen_Help_,315391,315452,61,315447,jmp,312585,before,2806
Flag_Screen_,315452,316019,567,315924,jmp,310672,before,4780
Ken_Test_,316952,317065,113,317063,jmp,316946,before,6
Set_Stack_Location_,317564,317623,59,317581,je,316949,before,615
Set_Stack_XY_,317623,317698,75,317642,je,317561,before,62
Remove_Non_Detected_Ships_,317779,318852,1073,318847,jmp,316945,before,834
Init_Player_Tech_,320863,322281,1418,322268,jmp,320504,before,359
Ship_Strength_Vs_Shield_,323403,324291,888,324139,jne,323091,before,312
Missile_Base_Strength_,324900,325027,127,324922,jmp,324894,before,6
Phasor_Base_Strength_,325027,325196,169,325191,jmp,324894,before,133
Fighter_Garrison_Strength_,325196,325447,251,325442,jmp,324894,before,302
Get_Ship_Class_,326279,327052,773,326345,jmp,326270,before,9
Add_Beam_Weapon_To_Design_,332927,333477,550,333096,jle,329895,before,3032
Hotseat_Screen_,338146,338871,725,338802,jne,337878,before,268
Advanced_Civilization_Colonies_,339056,339608,552,339603,jmp,339049,before,7
Build_Adv_Civ_Star_List_,339608,340021,413,340016,jmp,339049,before,559
Build_Adv_Civ_Planet_List_,340021,340310,289,340305,jmp,339049,before,972
Get_Worth_For_All_Planets_,340310,340569,259,340564,jmp,339049,before,1261
Get_Next_Adv_Civ_Planet_,341020,341367,347,341362,jmp,340943,before,77
Choose_Adv_Civ_Planets_,341367,342088,721,342083,jmp,339049,before,2318
Get_Saved_Planet_Worth_,342113,342185,72,342180,jmp,340943,before,1170
Twiddle_Selected_Adv_Civ_Planets_,342185,342874,689,342869,jmp,339049,before,3136
Get_Players_Planet_Worthiness_Average_,343200,343306,106,343301,jmp,339049,before,4151
Antaran_Offensive_Force_,343667,343710,43,343705,jmp,343552,before,115
Antarans_Should_Attack_,343773,343964,191,343862,jmp,344005,after,41
Build_Antaran_Offensive_Ships_,344011,344048,37,344046,jmp,343996,before,15
Deploy_Antaran_Ships_,344992,345508,516,345503,jmp,344005,before,987
Next_Antaran_Ship_Size_,345997,346071,74,346052,jl,343552,before,2445
Add_Replacement_Weapon_Fields_,347028,348808,1780,348803,jmp,357096,after,8288
Draw_Generic_Replacement_Box_,350040,350291,251,350286,jmp,352872,after,2581
Draw_Special_Systems_Replacement_Box_,350291,350499,208,350459,jle,350266,before,25
Draw_Special_Systems_Scroll_Bar_,350499,350763,264,350758,jmp,352872,after,2109
Draw_Weapons_Arc_Box_,350763,351013,250,351008,jmp,349399,before,1364
Draw_Weapons_Mod_Box_,351013,351282,269,351277,jmp,349399,before,1614
Draw_Weapons_Rack_Box_,351282,351482,200,351477,jmp,349399,before,1883
Draw_Weapons_Replacement_Box_,351482,352051,569,352046,jmp,350266,before,1216
Draw_Weapons_Scroll_Bar_,352051,352318,267,352313,jmp,350753,before,1298
Generic_Replacement_Box_,352318,352878,560,352873,jmp,363831,after,10953
New_Mod_Space_,354416,354557,141,354545,jmp,354295,before,121
Print_Computer_Data_,354557,355564,1007,355559,jmp,357102,after,1538
Print_Shield_Data_,357138,358015,877,358010,jmp,357033,before,105
Print_Special_System_Data_,358015,359367,1352,359362,jmp,357046,before,969
Print_Weapon_Mod_Help_Description_,359367,359631,264,359602,jmp,352867,before,6500
Print_Weapon_Modification_Message_,359631,360016,385,360011,jmp,363830,after,3814
Redraw_Main_Design_Screen_To_Background_,360016,360092,76,360087,jmp,349562,before,10454
Set_Up_Weapon_Display_,360444,360823,379,360818,jmp,352872,before,7572
Space_With_Weapons_,361101,361247,146,361242,jmp,363831,after,2584
Special_System_Choices_,361491,362003,512,361998,jmp,352872,before,8619
Special_System_Exclusion_,362003,362187,184,362182,jmp,349399,before,12604
Update_Field_Item_Chosen_,364003,364096,93,364091,jmp,354295,before,9708
Valid_Modifications_,364682,364963,281,364958,jmp,352872,before,11810
Weapon_Choices_,365083,365865,782,365850,jmp,352872,before,12211
Weapons_Replacement_Box_,365955,368175,2220,368170,jmp,363824,before,2131
Build_Design_Template_,370337,370632,295,370627,jmp,369630,before,707
Check_For_Auto_Repeat_,371610,372030,420,371641,jmp,369630,before,1980
Clear_Design_For_Colony_Builds_,373570,373684,114,373679,jmp,371477,before,2093
Clear_Weapon_Slot_,373800,373975,175,373970,jmp,369631,before,4169
Design_Screen_,375218,376967,1749,376962,jmp,369631,before,5587
Design_Template_Costs_,376967,377479,512,377474,jmp,369630,before,7337
Design_Template_Space_Requirements_,377479,377982,503,377977,jmp,369630,before,7849
Draw_Down_Buttons_,378628,378993,365,378908,jmp,369630,before,8998
Load_Design_Screen_Pictures_,379277,380971,1694,380966,jmp,369630,before,9647
Miniaturization_Level_,381000,381150,150,381043,jne,371477,before,9523
Number_Of_Weapons_Loaded_,381329,381364,35,381362,jmp,381323,before,6
Print_Current_Design_,381596,385169,3573,385144,jmp,376961,before,4635
Replacement_Exists_,385500,385600,100,385595,jmp,369631,before,15869
Space_For_System_Replacement_,386094,386417,323,386412,jmp,369630,before,16464
Total_Design_Cost_,386935,387103,168,387098,jmp,374988,before,11947
Total_Space_Used_,387170,387290,120,387285,jmp,369631,before,17539
Update_Player_Design_,387656,388212,556,388207,jmp,371477,before,16179
Miniaturization_Category_,389404,389580,176,389467,jmp,381323,before,8081
Set_Design_Screen_Help_List_,390468,390593,125,390588,jmp,392020,after,1427
Set_Main_Game_Screen_Help_List_,391206,391227,21,391222,jmp,390461,before,745
Set_Scrap_Freighters_Help_List_,391227,391248,21,391243,jmp,390461,before,766
Set_Load_Game_Screen_Help_List_,391248,391269,21,391264,jmp,390461,before,787
Set_Save_Game_Screen_Help_List_,391269,391290,21,391285,jmp,390461,before,808
Set_Options_Game_Screen_Help_List_,391290,391311,21,391306,jmp,390461,before,829
Set_Fleet_Screen_Help_List_,391311,391519,208,391514,jmp,390433,before,878
Set_ColOff_Screen_Help_List_,391519,391613,94,391608,jmp,390433,before,1086
Set_ShipOff_Screen_Help_List_,391613,391872,259,391867,jmp,392275,after,403
Set_Main_Menu_Screen_Help_List_,391872,391893,21,391888,jmp,390461,before,1411
Set_Multi_Player_Setup_Screen_Help_List_,391893,391914,21,391909,jmp,390461,before,1432
Set_Modem_Setup_Screen_Help_List_,391914,391967,53,391965,jmp,392018,after,51
Set_Input_Box_Help_List_,392030,392051,21,392046,jmp,390461,before,1569
Set_Diplomacy_Request_Help_List_,392051,392072,21,392070,jmp,391986,before,65
Set_Hotseat_Setup_Screen_Help_List_,392072,392093,21,392091,jmp,391986,before,86
Get_Help_LBX_Message_,392281,392318,37,392316,jmp,392205,before,76
Add_Fleet_Movement_Box_Fields_,392968,393738,770,393010,jne,392962,before,6
Check_For_Build_Outpost_Button_,393849,393868,19,393866,jmp,393843,before,6
Check_For_Colonization_Button_,393868,393887,19,393885,jmp,393843,before,25
Check_For_Engage_Enemy_Forces_Button_,393887,393906,19,393904,jmp,393843,before,44
Check_For_Transport_Troops_Button_,393906,393925,19,393923,jmp,393843,before,63
Draw_Damage_Bars_,393962,394406,444,394060,je,394748,after,342
Draw_Small_Fleet_Box_Frame_,394754,395147,393,395142,jmp,394708,before,46
Draw_Fleet_Movement_Box_,395381,397058,1677,397053,jmp,395375,before,6
Draw_Fleet_Pop_Added_Buttons_,397058,397467,409,397425,je,392962,before,4096
Fleet_Box_Height_,397798,398040,242,398035,jmp,395374,before,2424
Get_Fleetpop_Scanned_Ship_Info_,398286,398437,151,398306,jle,395375,before,2911
Print_Fleet_Box_Info_,398598,399895,1297,399695,je,397046,before,1552
Reload_Fleet_Box_Data_,399895,399927,32,399902,je,531008,after,131081
Fleet_Box_Data_,399927,400142,215,399959,jle,397514,before,2413
Set_Attack_Antares_Button_Flag_,400615,400856,241,400851,jmp,395374,before,5241
Set_Build_Outpost_Button_Flag_,400856,401205,349,400880,jmp,395374,before,5482
Set_Colonize_Button_Flag_,401205,401565,360,401560,jmp,395374,before,5831
Set_Engage_Enemy_Forces_Flag_,401565,401899,334,401591,jmp,395374,before,6191
Set_Fleet_Movement_Icon_Selections_,402078,402246,168,402241,jmp,392962,before,9116
Set_Transport_Troops_Flag_,402246,402639,393,402270,jmp,395374,before,6872
Draw_Fltscrn_Ship_Destination_Lines_,406769,407458,689,407453,jmp,406690,before,79
Fill_FltScrn_Scroll_Bar_,407667,407936,269,407931,jmp,406690,before,977
Fleet_Screen_,407936,410829,2893,410824,jmp,406691,before,1245
Load_Fltscrn_Officer_Picture_,410829,410882,53,410864,jmp,1141501,after,730619
Reload_Fleet_Screen_,411210,411904,694,411899,jmp,406690,before,4520
Reload_Small_Ship_Icons_,411959,412144,185,412139,jmp,406690,before,5269
Draw_Fltscrn_Relocation_Lines_,414330,414616,286,414611,jmp,406690,before,7640
N_Fltscrn_Ships_Selected_,414616,414706,90,414673,jmp,413454,before,1162
Add_Fltscrn_Big_Icon_Fields_,414812,415186,374,414919,jle,416061,after,875
Add_Fltscrn_Small_Icon_Fields_,415186,415295,109,415290,jmp,416061,after,766
Button_Underneath_,415961,416067,106,416062,jmp,416601,after,534
Fix_Palette_,416607,416640,33,416635,jmp,1187707,after,771067
Fltscrn_Move_Ships_,417096,417512,416,417507,jmp,416600,before,496
Fltscrn_Ships_To_Be_Displayed_,417512,417657,145,417618,jmp,416059,before,1453
Print_Fltscrn_Scanned_Star_Name_,418213,419598,1385,419167,jmp,416061,before,2152
Print_Scanned_Ship_Data_,419598,421666,2068,420037,jmp,416594,before,3004
Confirmation_Box_,423512,424032,520,424027,jmp,423505,before,7
Confirmation_Box_Exploding_,423512,424032,520,424027,jmp,423505,before,7
Do_Confirmation_Box_,423512,424032,520,424027,jmp,423505,before,7
Message_Box_Cleanup_,424444,424564,120,424559,jmp,436175,after,11611
Colony_Player_Color_,424991,425014,23,425009,jmp,429248,after,4234
Colony_Player_Palette_Color_,425014,425049,35,425044,jmp,429260,after,4211
Ship_Owner_,425973,426003,30,425987,jge,428333,after,2330
Node_Ptr_From_Ship_Stack_,426858,426904,46,426888,je,428500,after,1596
Planet_Player_Color_,427009,427030,21,427025,jmp,429234,after,2204
Planet_Player_Palette_Color_,427030,427069,39,427064,jmp,429248,after,2179
Ship_Icon_Id_From_Node_Ptr_,428032,428153,121,428148,jmp,427494,before,538
Ship_Icon_Owner_,428153,428169,16,428164,jmp,425961,before,2192
Ship_Icon_Ship_Id_,428169,428194,25,428189,jl,428194,after,0
Ship_Icon_Star_Id_,428206,428247,41,428242,jmp,428971,after,724
Ship_Stack_From_Saved_Array_,428500,428730,230,428725,jmp,427493,before,1007
Ship_Stack_From_Ship_Id_,428814,428947,133,428942,jmp,427493,before,1321
Ship_Stack_X_,428978,429007,29,429002,jmp,428283,before,695
Ship_Stack_Y_,429007,429036,29,429031,jmp,428326,before,681
System_Ship_Chosen_To_Ship_Icon_Id_,429298,429374,76,429357,jge,425942,before,3356
Nearest_Star_To_XY_,429446,429575,129,429570,jmp,427493,before,1953
Get_Up_Scaled_Value_,430719,430739,20,430737,jmp,430713,before,6
Get_Zoom_Ratio_Value_,430739,430761,22,430759,jmp,430713,before,26
Harold_Init_,431660,431726,66,431724,jmp,431652,before,8
N_Colony_Owners_,432505,432631,126,432626,jmp,429892,before,2613
N_Food_Planets_In_System_,432872,432941,69,432936,jmp,430237,before,2635
N_Planets_In_System_,432941,433011,70,433006,jmp,430237,before,2704
N_Satellites_,433070,433119,49,433114,jmp,430237,before,2833
Planet_Number_,433259,433362,103,433357,jmp,429892,before,3367
Player_Has_Dimensional_Portal_,433488,433512,24,433510,jmp,433423,before,65
Player_Has_Stargate_,433642,433670,28,433665,jmp,433535,before,107
Star_Guarded_By_Monster_,435322,435491,169,435486,jmp,435258,before,64
Load_H_Strings_,436246,436624,378,436619,jmp,429893,before,6353
Write_Language_Setting_File_,436857,436947,90,436927,jmp,436843,before,14
Load_Leader_Titles_,437011,437158,147,437027,je,429892,before,7119
Assign_Home_Star_Names_,437361,437523,162,437518,jmp,442199,after,4676
Build_Min_Star_Distances_,438304,438452,148,438447,jmp,442199,after,3747
Enforce_3_Planet_Minimum_,438554,438802,248,438580,jge,442199,after,3397
Ensure_At_Least_1_Food_Planet_,439857,440525,668,440520,jmp,442199,after,1674
Generate_Home_Worlds_,440525,441270,745,441083,jmp,442199,after,929
Get_Orion_Star_Id_,441735,442205,470,442200,jmp,441729,before,6
Modify_Home_Worlds_,443567,444143,576,444138,jmp,442199,before,1368
Randomize_Home_Worlds_,444143,444221,78,444216,jmp,441729,before,2414
Set_Up_Home_Gen_Msg_,444302,444646,344,444641,jmp,442199,before,2103
Usable_Orbit_,445621,445859,238,445835,jne,442197,before,3424
Make_System_Monsters_,445893,446518,625,446132,jbe,441722,before,4171
Do_Load_Game_Popup_,449142,449857,715,449852,jmp,449036,before,106
Do_Main_Game_Popup_,449857,450575,718,450570,jmp,451851,after,1276
Do_Options_Game_Popup_,450575,450900,325,450857,je,449036,before,1539
Do_Save_Game_Popup_,450900,451857,957,451852,jmp,449037,before,1863
Get_File_Date_String_,452105,452289,184,452129,je,448652,before,3453
Get_Save_Game_Date_Strings_,452434,452607,173,452602,jmp,449036,before,3398
Get_Star_Date_Strings_,452607,452883,276,452878,jmp,448652,before,3955
Print_Options_To_Bitmap_,454065,454084,19,454082,jmp,453982,before,83
_Draw_Load_Save_Game_Popup_,455174,456449,1275,456444,jmp,449036,before,6138
_Draw_Main_Game_Popup_,456449,457256,807,457226,jmp,449036,before,7413
_Draw_Options_Game_Popup_,457256,459055,1799,458575,jge,451845,before,5411
_Game_Popup_,459055,459728,673,459658,jmp,449036,before,10019
Set_Up_Load_Save_Popup_,460118,460376,258,460358,je,449036,before,11082
Remove_Embedded_Special_Codes_,460376,460450,74,460389,jne,448652,before,11724
Draw_Darkened_New_Game_Button_,460909,460946,37,460944,jmp,460900,before,9
Add_Fields_For_Language_,461230,461540,310,461511,jmp,449036,before,12194
Draw_Credits_,463175,463745,570,463705,jle,463040,before,135
Draw_Main_Menu_Screen_,463780,464171,391,464166,jmp,463040,before,740
Load_Credits_,464235,464626,391,464621,jmp,463040,before,1195
Main_Menu_Screen_,464626,465598,972,465593,jmp,463040,before,1586
Reload_Main_Menu_Screen_,465598,465788,190,465763,jmp,463041,before,2557
Init_Credits_,465788,466100,312,466050,jo,466164,after,64
Add_Star_Fields_,467631,467784,153,467779,jmp,474367,after,6583
Check_Mouse_XY_Fields_,469697,469992,295,469917,jle,474367,after,4375
Do_Fleet_Popup_,471473,472081,608,471718,jmp,469691,before,1782
Do_Reply_To_Diplomacy_Request_,472398,472681,283,472676,jmp,474367,after,1686
Draw_A_Gate_Icon_,472897,473858,961,472982,je,474367,after,509
Draw_A_Star_,473858,474105,247,474100,jmp,474367,after,262
Draw_ETA_Destination_Line_,474602,474877,275,474803,je,474367,before,235
Draw_Fleet_Box_Selected_Ship_Seg_,476083,476174,91,476169,jmp,472891,before,3192
Draw_Main_Screen_,476501,477644,1143,477619,jne,474367,before,2134
Draw_Main_Screen_For_Zooming_,478158,478642,484,478637,jmp,474367,before,3791
Draw_Nebulae_,479119,479247,128,479242,jmp,474367,before,4752
Draw_Player_Done_Lights_,479756,480032,276,480027,jmp,474367,before,5389
Draw_Relocation_Links_,480032,480211,179,480093,je,474358,before,5674
Draw_Reply_To_Diplomacy_Request_Popup_,480211,480448,237,480443,jmp,474367,before,5844
Draw_Wormhole_Links_,480659,480854,195,480849,jmp,474362,before,6297
Get_Ship_Stack_For_Officers_Screen_,482028,482161,133,482045,jle,480655,before,1373
Get_Star_Id_For_Officers_Screen_,482269,483119,850,482437,jmp,474368,before,7901
Get_Twinkling_Star_,483119,483314,195,483309,jmp,474367,before,8752
Give_Me_All_Tech_Advances_,483314,483446,132,483441,jmp,472891,before,10423
Main_Screen_,483720,489028,5308,489023,jmp,474368,before,9352
Print_Galaxy_Map_Scanned_Star_,489916,490233,317,490228,jmp,480437,before,9479
Print_Highlighted_Star_Name_,490233,490414,181,490409,jmp,472891,before,17342
Print_Main_Screen_Data_,490414,494346,3932,494341,jmp,489016,before,1398
Set_Post_Fitted_Font_Style_,494346,494427,81,494422,jmp,469691,before,24655
Print_Star_Names_,494775,494905,130,494900,jmp,474358,before,20417
Redraw_Main_Screen_Without_Boxes_,495169,495194,25,495189,jmp,1078012,after,582818
Scan_Ships_XY_,497319,497612,293,497591,jge,469691,before,27628
Scroll_Map_,499193,499594,401,499554,jmp,469691,before,29502
Set_Painted_Fleet_Fields_,499895,500057,162,500052,jmp,474367,before,25528
Warn_About_Cheating_Players_,501105,501442,337,501437,jmp,474367,before,26738
Get_Research_Unit_String_,501756,501835,79,501819,jo,501935,after,100
Distance_Between_Stars_Screen_,502637,503170,533,503165,jmp,502588,before,49
Do_Begin_Of_Turn_,503170,503630,460,503625,jmp,502588,before,582
Draw_Main_Screen_For_Star_Distances_,503630,504187,557,504182,jmp,502588,before,1042
Planet_Colonization_In_Main_Screen_,504542,505036,494,505031,jmp,502556,before,1986
Redraw_Main_Screen_After_Popups_,505036,505061,25,505038,je,504541,before,495
Scrap_Freighters_,505113,505765,652,505760,jmp,502588,before,2525
Enforce_Planet_Max_,506937,507469,532,506980,jl,506876,before,61
Gas_Giants_,507469,507563,94,507558,jmp,511500,after,3937
Generate_Climate_,507563,507811,248,507806,jmp,506876,before,687
Generate_Nebulas_,508057,509139,1082,509118,jmp,506877,before,1180
Generate_Orbit_,509287,509399,112,509394,jmp,506876,before,2411
Generate_Spectral_Class_,509959,510016,57,510011,jmp,511500,after,1484
Get_Valid_Orbit_,511506,511660,154,511647,jmp,511500,before,6
Home_Planet_,511660,511753,93,511732,jmp,511500,before,160
Init_Main_Screen_,511753,511833,80,511762,ja,511998,after,165
Set_Star_XYs_,511999,513085,1086,513029,jmp,510861,before,1138
Randomize_Star_Names_,513538,513629,91,513624,jmp,506877,before,6661
Set_Default_Nebula_Data_,513671,513750,79,513745,jmp,506876,before,6795
Black_Hole_Fix_,514209,514567,358,514562,jmp,506876,before,7333
Load_Nebula_Pictures_,514567,514792,225,514771,jmp,506876,before,7691
Get_Comma_String_,517854,518178,324,518171,jmp,3910264871,after,3909746693
Min_Font_Colors_,518178,518477,299,518219,ja,517845,before,333
CHECK_PARAM_PRINT_,518768,518920,152,518901,jmp,518762,before,6
Change_Font_Style_,519099,519166,67,519161,jmp,518147,before,952
Draw_Darkened_Box_,520277,520381,104,520376,jmp,518762,before,1515
Draw_Highlight_Box_,520381,520644,263,520639,jmp,518762,before,1619
Fill_Bitmap_Unbounded_,521000,521113,113,521111,jmp,520994,before,6
Get_Furthest_Endpoint_,521811,521951,140,521946,jmp,520994,before,817
Get_Mox_Min_Font_Colors_,522006,522029,23,522027,jmp,521997,before,9
Get_Time_Stamp_Int_,522093,522199,106,522194,jmp,518147,before,3946
Increase_Font_Color_Range_,522207,522325,118,522320,jmp,519274,before,2933
Next_File_Name_,522650,522959,309,522954,jmp,518535,before,4115
Read_Data_File_,523129,523247,118,523242,jmp,518147,before,4982
Remove_Chars_,523247,523394,147,523389,jmp,518535,before,4712
Set_Fitted_Font_Style_,523681,523786,105,523781,jmp,521538,before,2143
Swap_Bitmap_Colors_,523912,524040,128,524035,jmp,521396,before,2516
Tint_Bitmap_Colors_,524040,524158,118,524153,jmp,521538,before,2502
Tint_Bitmap_Colors_In_Range_,524158,524280,122,524275,jmp,523547,before,611
_Tri_Interlaced_Fill_,524676,524859,183,524854,jmp,521538,before,3138
Box_Officer_Screen_Scanned_Star_,526286,526387,101,526382,jmp,526058,before,228
Draw_Galaxy_Map_Box_,527439,528537,1098,527526,je,525163,before,2276
Get_Galaxy_Map_Star_XY_,528853,529036,183,529031,jmp,525354,before,3499
Move_Box_To_Top_,529036,529225,189,529220,jmp,525823,before,3213
Move_Moveable_Box_,529225,530294,1069,529887,jmp,526761,before,2464
Moveable_Box_Occluded_,530397,530645,248,530640,jmp,526761,before,3636
Save_And_Remove_Boxes_,530852,531008,156,531003,jmp,525823,before,5029
Mouse_Within_Fleet_Box_,531211,531337,126,531332,jmp,525746,before,5465
Draw_Input_Box_Popup_,531337,531380,43,531345,je,977086,after,445706
Star_Name_Popup_Main_Y_,533533,533591,58,533589,jmp,533517,before,16
Max_Pixel_Width_Star_Name_Can_Be_,533591,533934,343,533903,jge,532237,before,1354
Load_Darkened_Officer_Picture_,534041,534094,53,534076,jmp,1141501,after,607407
Ask_For_Hire_,535922,536178,256,536173,jmp,542721,after,6543
Draw_Officer_Screen_,537936,539166,1230,539161,jmp,536166,before,1770
Draw_Officer_Screen_To_Back_,539166,539493,327,539488,jmp,542720,after,3227
Draw_Offscrn_Fleet_Ship_Window_,539519,539539,20,539537,jmp,539511,before,8
Fleet_Screen_Icon_Ship_Id_,539753,539827,74,539822,jmp,536395,before,3358
Get_Officer_Pictures_,540151,540338,187,540333,jmp,542720,after,2382
Get_Random_Skills_,540338,540683,345,540678,jmp,535583,before,4755
Get_Skill_Data_Max_Pixel_Width_,540715,540971,256,540966,jmp,542720,after,1749
Load_Officer_Skill_Name_Descriptions_,541437,541558,121,541553,jmp,542720,after,1162
Move_Officer_To_Limbo_,541600,541859,259,541706,jmp,542720,after,861
Officer_Has_Special_Skill_,542366,542391,25,542389,jmp,542356,before,10
Officer_Skill_Value_,542391,542839,448,542826,jg,541109,before,1282
Bonus_For_Famous_Heroes_,542863,543017,154,543012,jmp,542720,before,143
Officer_Screen_Text_Box_,543510,543546,36,543522,jne,543509,before,1
Officers_Screen_,543773,546530,2757,546525,jmp,542720,before,1053
Print_Galmap_Scanned_Ship_,546787,547754,967,547089,jmp,536166,before,10621
Print_Scanned_Ship_Name_,550075,550350,275,550345,jmp,542720,before,7355
Random_Skill2_,550711,551121,410,551116,jmp,535583,before,15128
Reload_Officer_Screen_Pictures_,551121,552165,1044,552160,jmp,542720,before,8401
Reload_Officer_Skill_Icons_,552165,552219,54,552214,jmp,542721,before,9444
Reload_Offscrn_Small_Ship_Icons_,552274,552459,185,552454,jmp,542720,before,9554
Save_Officer_Structure_,552487,552509,22,552507,jmp,552479,before,8
Wrapper_For_Officer_Popup_Help_Fields_,553790,553932,142,553865,je,541109,before,12681
Wrapper_For_Offscrn_Help_Fields_,553984,554104,120,554099,jmp,542721,before,11263
Wrapper_For_Offscrn_System_Popup_,554150,554281,131,554276,jmp,542720,before,11430
N_Fleet_Officers_Owned_By_Player_,554860,554927,67,554922,jmp,542721,before,12139
N_Star_Officers_Owned_By_Player_,554927,555001,74,554996,jmp,542720,before,12207
Chance_To_Hire_Hero_,555037,555424,387,555090,jmp,542720,before,12317
Increase_Officer_Level_By_One_,555424,555561,137,555534,jge,542720,before,12704
Officer_Cost_,555565,555622,57,555606,jle,542727,before,12838
Random_Officer_Check_,555622,555732,110,555678,je,536395,before,19227
Select_Leader_For_Hire_,555821,556077,256,556072,jmp,542718,before,13103
Find_Selected_Leader_,556377,556941,564,556936,jmp,536172,before,20205
Get_Random_Antaran_Tech_,557750,557923,173,557820,je,553298,before,4452
Assign_Loknar_Ship_To_Player_,558008,558217,209,558212,jmp,536166,before,21842
Allocate_Adv_Civ_Game_Officers_,558217,558643,426,558638,jmp,542720,before,15497
Get_N_Skills_Per_Officer_Displayed_,558643,558892,249,558887,jmp,542720,before,15923
Assign_Captain_,559099,560163,1064,560158,jmp,554809,before,4290
Leader_Cheat_Popup_,561134,561699,565,561694,jmp,536172,before,24962
Give_Leader_Specials_To_Player_,561699,562011,312,561934,jne,541109,before,20590
Best_Diplomat_Skill_Bonus_,562011,562179,168,562154,jmp,542718,before,19293
_max_planet_flags,562433,562466,33,562447,jecxz,562421,before,12
Add_Plntsum_Fields_,562641,563547,906,563542,jmp,563817,after,270
Build_Ship_Summary_,563962,564743,781,564738,jmp,563816,before,146
Check_For_Colony_And_Outpost_Ships_,564743,565026,283,565007,jge,563816,before,927
Draw_Rotating_Planets_,565541,565744,203,565739,jmp,563816,before,1725
Fill_Summary_Screen_Scroll_Bar_,565744,565946,202,565941,jmp,563816,before,1928
Filter_Explored_Planets_,565946,566513,567,566508,jmp,563816,before,2130
Planet_Summary_List_Id_,567939,568001,62,567989,jge,567932,before,7
Planet_Summary_Id_,568375,568441,66,568422,jge,567932,before,443
Send_Nearest_Ship_,570055,571371,1316,571366,jmp,563817,before,6238
Set_Colony_Ship_To_Star_Distances_,571377,571800,423,571795,jmp,568294,before,3083
Set_Outpost_Ship_To_Star_Distances_,571800,572224,424,572219,jmp,568294,before,3506
Draw_Nearest_Ship_Directional_Line_,572486,573141,655,572561,je,563816,before,8670
Summary_Planet_Index_,573212,573296,84,573277,jge,567932,before,5280
Summary_Screen_Print_Data_,573296,574976,1680,574971,jmp,571359,before,1937
Summary_Screen_Print_Scanned_,574976,575986,1010,575981,jmp,571365,before,3611
Wrapper_For_Planet_Summary_Galaxy_Map_,576160,576767,607,576729,jge,563816,before,12344
Update_Ship_Etas_,577448,577734,286,577729,jmp,563816,before,13632
Planet_Summary_Screen_,578130,579562,1432,579557,jmp,563816,before,14314
Draw_Total_Score_,580726,581367,641,581362,jmp,579910,before,816
Draw_Eliminated_Race_Pictures_,581367,582012,645,581983,je,579909,before,1458
Draw_Elimination_Score_,582012,582151,139,582146,jmp,579909,before,2103
Draw_Hi_Score_Screen_,582266,582573,307,582568,jmp,580379,before,1887
Draw_Orion_Score_,582573,582609,36,582604,jmp,580717,before,1856
Draw_Population_Score_,583169,583242,73,583237,jmp,580661,before,2508
Draw_Reg_Pop_,583242,583268,26,583263,jmp,580563,before,2679
Draw_Technology_Score_,583268,583307,39,583302,jmp,580717,before,2551
Draw_Time_Score_,583307,583441,134,583436,jmp,580379,before,2928
Get_Hall_Of_Fame_Colors_,583533,583616,83,583611,jmp,579910,before,3623
Get_Hi_Score_Colors_,583616,583756,140,583751,jmp,579910,before,3706
Get_Population_Score_,583879,583947,68,583945,jmp,583836,before,43
Draw_Hall_Of_Fame_Screen_,585283,586374,1091,586369,jmp,579909,before,5374
Hall_Of_Fame_Screen_,586374,586823,449,586818,jmp,579910,before,6464
Read_HOF_File_,586925,587013,88,586956,jmp,580379,before,6546
Create_Default_HOF_File_,587072,587538,466,587496,je,579909,before,7163
End_Of_Game_Hi_Score_,587538,588161,623,588156,jmp,581355,before,6183
Init_Hall_Of_Fame_Screen_,588161,588758,597,588753,jmp,579909,before,8252
Set_Hi_Score_Pop_Icon_Ids_,589040,589622,582,589617,jmp,579909,before,9131
Set_Vertical_Scroll_Bar_Maxima_,590117,590173,56,590171,jmp,590059,before,58
Draw_Ship_Icons_,591631,591816,185,591811,jmp,591624,before,7
Do_Ship_Destination_Lines_,591885,592344,459,592339,jmp,591624,before,261
Add_Ship_Icon_Fields_,592344,592476,132,592447,jmp,591624,before,720
Build_Ship_Id_List_,594263,594368,105,594308,jne,593700,before,563
Load_Highlighted_Ship_Icon_Picture_,595029,595501,472,595291,jge,591624,before,3405
Kill_Ship_,595514,595647,133,595618,jmp,591879,before,3635
Draw_Outpost_Marker_,601389,601468,79,601463,jmp,601181,before,208
Draw_System_Display_Border_,602309,602365,56,602363,jmp,602298,before,11
Draw_System_Display_Planets_,602365,602586,221,602581,jmp,601383,before,982
Draw_System_Ship_Icons_,605124,605482,358,605477,jmp,601383,before,3741
Get_System_Display_Ship_Icon_XY_,605757,605948,191,605943,jmp,605118,before,639
Hide_System_Display_,605985,606182,197,606112,je,602303,before,3682
Load_New_System_Display_,606286,607023,737,606957,jne,598214,before,8072
N_Ships_By_Type_At_Location_,607023,607270,247,607265,jmp,602143,before,4880
Global_Data_Seg_Ok_,607386,607484,98,607482,jmp,607380,before,6
Potential_Colony_Info_Popup_,607551,608649,1098,608628,jmp,598215,before,9336
Print_Gate_Info_,608649,609295,646,609290,jmp,601096,before,7553
Print_System_Display_Box_Title_,609345,609713,368,609708,jmp,605118,before,4227
Set_System_Display_Loaded_Flag_,609819,609939,120,609934,jmp,607380,before,2439
Wrapper_For_Normal_System_Fields_,610136,610238,102,610233,jmp,598214,before,11922
Calculate_Remap_Gray_Palettes_,610384,610606,222,610569,jmp,598214,before,12170
Remap_Draw_Animated_Sprite_Mask_,611292,611570,278,611368,jle,611288,before,4
Remap_Clipped_Draw_Animated_Sprite_Mask_,611570,612155,585,611869,jge,611288,before,282
Print_Empty_System_Data_,612155,612420,265,612415,jmp,598214,before,13941
Print_Special_Building_Data_,612558,612769,211,612764,jmp,602303,before,10255
Text_Box_Cleanup_,615389,615501,112,615496,jmp,436175,before,179214
Text_Box_Get_Input_,615501,615595,94,615590,jmp,1077620,after,462025
Get_Mox_Text_Box_Base_Colors_,615595,615751,156,615739,jno,615842,after,91
Rob_Interpolate_Line_,617006,617365,359,617061,jl,629415,after,12050
Draw_Ship_Explosion_,619447,619563,116,619558,jmp,629415,after,9852
Load_Ship_Burst_,619594,619717,123,619712,jmp,630724,after,11007
Load_Ship_Explosion_,619717,619800,83,619795,jmp,630724,after,10924
Draw_Fighter_Beam_,626739,627055,316,626923,jmp,619441,before,7298
Draw_Damage_Message_Queue_,627235,627354,119,627349,jmp,630724,after,3370
Add_Damage_Indicator_For_Ship_,627626,627730,104,627725,jmp,619441,before,8185
Add_Damage_Indicator_For_Biological_,627770,627808,38,627806,jmp,627763,before,7
Load_Shield_Hit_,628514,628642,128,628637,jmp,630724,after,2082
Draw_All_Shields_,628642,628727,85,628722,jmp,630724,after,1997
Shield_Anims_,628727,628839,112,628764,jmp,1145895,after,517056
Planet_Size_To_Shield_Size_,629448,629485,37,629467,jmp,629439,before,9
Draw_Shield_Hit_,629485,630686,1201,629527,je,627620,before,1865
Rot_To_Rot_Method_,630731,630780,49,630762,jmp,630717,before,14
Draw_Reflection_Field_Hit_Next_Frame_,631425,631693,268,631672,jmp,629409,before,2016
Draw_Reflection_Field_Hit_,631693,632155,462,632150,jmp,629415,before,2278
Set_Beam_Colors_,633911,635164,1253,635159,jmp,626730,before,7181
Weapon_Has_Steve_Stuff_,636140,636206,66,636190,jl,636117,before,23
Draw_Anti_Missile_Rocket_Picture_,637008,637119,111,637114,jmp,638957,after,1838
Draw_Anti_Missile_Rockets_,637119,637449,330,637313,je,650221,after,12772
Teleport_Enemy_Ship_,638963,639286,323,639135,jg,638957,before,6
Draw_Stasis_Beam_,641146,641866,720,641165,jne,638957,before,2189
Draw_Cloak_,641866,642267,401,641891,je,638957,before,2909
Tractor_Beam_,644042,644480,438,644459,jmp,638957,before,5085
Draw_Plasma_Web_,644480,645109,629,645093,jmp,642922,before,1558
Draw_Transporter_Bomb_Beam_,645109,645514,405,645509,jmp,642922,before,2187
Draw_Ship_Collapsing_,646464,646680,216,646516,jmp,650221,after,3541
Ship_N_Anim_,653832,653878,46,653833,jmp,296568,before,357264
N_Prods_In_Queue_,654825,654860,35,654855,jmp,653230,before,1595
Star_N_Uncolonized_Worlds_,654958,655072,114,655067,jmp,654819,before,139
Draw_Militarys_List_,656995,657610,615,657605,jmp,654818,before,2177
Add_Buildings_Fields_,657610,657740,130,657735,jmp,654819,before,2791
Add_Militarys_Fields_,657740,657870,130,657865,jmp,654819,before,2921
Draw_Building_Info_,658147,658350,203,658205,je,656989,before,1158
Draw_Ship_Design_Info_,660140,660384,244,660379,jmp,654818,before,5322
Draw_Ship_Info_,660384,660568,184,660563,jmp,654818,before,5566
Draw_Active_Prod_,660568,661197,629,660583,je,654819,before,5749
Add_To_Queue_,661269,662621,1352,661341,jmp,654819,before,6450
Delete_Prod_From_Colony_Queue_,663663,663713,50,663688,je,663155,before,508
Add_Refited_Ship_To_Queue_,663952,664333,381,664328,jmp,654818,before,9134
Insert_Before_Queue_Slot_,664333,664570,237,664550,je,654367,before,9966
Do_Exit_Screen_Cleanup_,664833,667642,2809,665547,jmp,654367,before,10466
Draw_Build_Queue_,667759,668250,491,668245,jmp,654818,before,12941
Add_Build_Queue_Fields_,668250,668340,90,668335,jmp,654818,before,13432
Draw_Current_Selection_,668456,670550,2094,668664,jmp,656989,before,11467
Build_Queue_Popup_,671809,672602,793,672552,jmp,656989,before,14820
Load_Bombing_Anims_,672602,672643,41,672641,jmp,672560,before,42
Do_Bomb_,673286,673487,201,673471,jle,672984,before,302
Do_Summary_String_Popup_,674123,675074,951,675069,jmp,672985,before,1138
Build_Road_List_Based_On_Bldg_List_,680089,680487,398,680482,jmp,680082,before,7
Draw_Road_List_,680533,680659,126,680654,jmp,680082,before,451
Link_Buildings_,680659,680779,120,680774,jmp,680082,before,577
Find_Simplest_Path_Node_,680786,681432,646,680861,jmp,679628,before,1158
Build_Veggie_List_Based_On_Bldg_List_,682359,682901,542,682896,jmp,680082,before,2277
Add_Hit_Anim_To_Queue_,684448,684473,25,684471,jmp,684436,before,12
Force_Firing_Pairs_,686610,686796,186,686791,jmp,685195,before,1415
N_Left_Active_To_Process_,686935,686994,59,686992,jmp,686929,before,6
Move_Is_Legal_,689133,689525,392,689316,jmp,687238,before,1895
Do_Legal_Move_Check_,689525,689695,170,689596,jne,688602,before,923
Do_Delta_Y_,689695,689844,149,689809,jne,687238,before,2457
Reinforce_Units_,689844,689910,66,689885,jne,689129,before,715
Add_Unit_,690125,690354,229,690161,je,685195,before,4930
Draw_Summary_Box_DEF_,691339,691963,624,691921,jle,690039,before,1300
Draw_Unit_Beam_,692063,692410,347,692405,jmp,687238,before,4825
Load_Landing_Anims_,693160,693201,41,693199,jmp,693118,before,42
Get_Cluster_,695357,695523,166,695420,jmp,695351,before,6
N_Colonies_And_Outposts_At_Star_For_Player_,698446,698559,113,698554,jmp,706656,after,8097
Fix_Colony_Queue_,698939,698987,48,698976,jne,698856,before,83
Remap_Draw_Ship_Seg_N_Centered_,699300,699468,168,699331,je,699276,before,24
Set_Colony_Font_To_Player_,700220,700292,72,700290,jmp,700354,after,62
Set_Colony_Font_To_Reg_Blue_,700361,700434,73,700432,jmp,700346,before,15
Job_String_,700656,700705,49,700680,jmp,778076,after,77371
Conquered_String_,700705,700729,24,700714,jmp,778076,after,77347
Pop_State_String_,700743,700778,35,700749,jbe,700719,before,24
Spy_Anim_,701314,701343,29,701338,jmp,703410,after,2067
CR_Building_Name_,701403,701453,50,701432,jmp,778076,after,76623
Draw_Building_,701464,701545,81,701540,jmp,699801,before,1663
Draw_Bldg_CR_,701545,701586,41,701572,jmp,1156216,after,454630
Colony_Pop_Anim_,701609,701758,149,701732,jmp,706656,after,4898
People_Anim_,701773,701883,110,701806,jmp,1145895,after,444012
Player_Troop_Name_,702101,702243,142,702146,jmp,778076,after,75833
Load_Local_Colony_Anims_,702973,703118,145,702982,js,702915,before,58
Load_Planet_Screen_,702973,703118,145,702982,js,702915,before,58
Govt_Anim_,703370,703391,21,703389,jmp,703410,after,19
Govt_Anims_,703370,703391,21,703389,jmp,703410,after,19
Prod_Anims_,703558,703599,41,703594,jmp,1145895,after,442296
Import_Anims_,703599,703627,28,703613,jmp,703581,before,18
Clear_Bldgs_Array_,703733,703749,16,703747,jmp,703725,before,8
Sort_Bldg_Array_Columns_,703945,704350,405,704325,je,699801,before,4144
N_Houses_In_Bldg_Array_,704350,704430,80,704425,jmp,698628,before,5722
Make_Bldg_Array_For_Colony_,705291,706008,717,706003,jmp,706656,after,648
Sum_Colonists_,706930,707279,349,707274,jmp,706402,before,528
Draw_Colony_Info_Pop_For_,707335,707403,68,707401,jmp,707472,after,69
Draw_Colony_Info_Pop_Scanned_,707979,708190,211,707995,je,707948,before,31
Draw_Colony_Info_Production_For_,708222,708258,36,708228,jne,708141,before,81
Draw_Colony_Info_Military_,709115,709166,51,709161,jmp,699801,before,9314
Add_Military_Fields_,709174,709228,54,709223,jmp,699801,before,9373
Draw_Info_Name_And_Pop_,709684,710407,723,710402,jmp,699801,before,9883
Print_Scanned_Satellite_,710407,710439,32,710417,je,709683,before,724
Draw_Current_Production_,711983,712633,650,712628,jmp,699801,before,12182
Draw_Info_Build_,711983,712633,650,712628,jmp,699801,before,12182
Add_Satellite_Fields_,712633,712860,227,712855,jmp,699801,before,12832
Check_Satellite_Fields_,712860,713329,469,713324,jmp,706656,before,6204
Satellite_Anim_,713478,713574,96,713569,jmp,703407,before,10071
Draw_Colony_Satellites_,713574,713802,228,713586,jne,699802,before,13772
Add_Bldg_Fields_,713802,713992,190,713987,jmp,699801,before,14001
Check_Bldg_Fields_,714032,714902,870,714246,je,706656,before,7376
Draw_Bldg_CR_Dark_,714902,715104,202,715099,jmp,706651,before,8251
Draw_Bldg_At_XY_With_Bottom_Centered_No_Glass_,715104,715315,211,715310,jmp,711249,before,3855
Draw_Colony_Bldg_,715315,715549,234,715331,jge,706656,before,8659
Draw_Colony_Bldgs_,715740,715945,205,715940,jmp,698854,before,16886
Draw_Colony_Bldgs_to_Bitm_,715945,716060,115,716055,jmp,699801,before,16144
Check_System_Display_Fields_,718850,719883,1033,719301,jmp,706656,before,12194
Tested_Colony_Buys_Outright_,719883,720366,483,720141,jmp,699801,before,20082
Colony_Screen_,722314,723301,987,722684,jmp,699801,before,22513
Cache_Load_Planet_,723301,723322,21,723317,jmp,703410,before,19891
Picture_To_Mouse_,723551,723644,93,723642,jmp,723525,before,26
Reset_Mouse_Picture_,723700,723721,21,723716,jmp,700952,before,22748
Mini_Planet_Anim_,724412,724509,97,724504,jmp,703410,before,21002
Update_First_Ship_,724798,725513,715,724953,jl,725669,after,156
Draw_Ship2_,725802,726078,276,726021,jne,727157,after,1079
Load_Refit2_Ship_Anims_,727482,727505,23,727500,jmp,724707,before,2775
Add2_Fields_,727510,727855,345,727850,jmp,725668,before,1842
Scan_Ship_D_Info_,727855,727912,57,727907,jmp,726148,before,1707
Draw_Ship_D_List_,727912,728427,515,728422,jmp,725668,before,2244
Evaluate2_Input_,728692,729263,571,728897,jmp,727157,before,1535
Colony_Refit2_Popup_,729263,729689,426,729672,jmp,3925216823,after,3924487134
Draw_Empire_Info_,730868,731540,672,731535,jmp,730750,before,118
Get_Selected_Pop_,731802,732018,216,732013,jmp,731796,before,6
Add_Fields_Pop_For_,732018,733449,1431,732287,jmp,730750,before,1268
Event_Good_,733449,734429,980,734424,jmp,730751,before,2698
Switched_cmp_,735339,735559,220,735353,je,734960,before,379
Colsum_Box_Galaxy_Map_Star_,735898,736015,117,736010,jmp,731796,before,4102
Draw_Colony_Scan_Info_,736060,736507,447,736081,je,730750,before,5310
Draw_Colony_Summary_Screen_,736564,737072,508,737067,jmp,730745,before,5819
Check_Galaxy_Map_Fields_,739265,739567,302,739562,jmp,731796,before,7469
Draw_Col_Sys_Disp_Last_Scanned_,741387,742134,747,741426,je,740242,before,1145
Load_Xport_Anims_,742134,742320,186,742249,jl,742836,after,516
Draw_Bar_Indicator_,743099,743424,325,743387,jmp,743093,before,6
Xport_Popup_,743732,744068,336,744063,jmp,743092,before,640
Set_Refresh_Mode_,744292,744325,33,744298,jbe,1133723,after,389398
Draw_Bottom_Centered_,744789,744821,32,744819,jmp,744738,before,51
Red_If_Negative_Fmt_String_,745533,745554,21,745543,jmp,778076,after,32522
Play_Normal_Win_Flic_,747291,747325,34,747323,jmp,747263,before,28
Play_All_Flics_,747325,747362,37,747357,jmp,747226,before,99
Play_Antaran_Win_Flic_,747325,747362,37,747357,jmp,747226,before,99
Play_Loose_Flic_,747362,747394,32,747389,jmp,747261,before,101
Draw_Click_Thru_Fields_,747716,747958,242,747953,jmp,747528,before,188
Evaluate_Click_Thru_Fields_,748196,748281,85,748276,jmp,747528,before,668
Squeze_Out_Queue_Entry_,749051,749182,131,749087,jno,749204,after,22
Eric_Pop_Fields_,749210,749247,37,749218,jle,749209,before,1
Add_Random_New_Officer_Fields_,750922,751118,196,750949,jne,750565,before,357
Load_Officer_Gains_Level_Popup_,754117,754185,68,754180,jmp,752088,before,2029
Officer_Gains_Level_Popup_,754185,754446,261,754441,jmp,759737,after,5291
Draw_Discovery_Popup_,754629,754952,323,754847,je,753405,before,1224
New_System_Discovery_Popup_,755030,755569,539,755564,jmp,754436,before,594
Update_Selection_Fields_,755607,755649,42,755644,jmp,777240,after,21591
Add_Selection_Fields_,755649,755678,29,755657,jmp,754547,before,1102
Draw_Selection_Popup_,755678,756097,419,756092,jmp,753406,before,2272
New_Colony_Selection_Popup_,757176,757532,356,757527,jmp,759737,after,2205
Update_Attack_Selection_Fields_,757611,757658,47,757656,jmp,757671,after,13
Attack_Colony_Selection_Popup_,758200,758464,264,758459,jmp,759737,after,1273
Update_Defense_Selection_Fields_,758531,758581,50,758576,jmp,757671,before,860
Draw_Defense_Selection_Popup_,758594,758709,115,758704,jmp,757797,before,797
Draw_Slider_Popup_,760893,761438,545,761433,jmp,753405,before,7488
New_Colony_Confirmation_Box_,761796,762221,425,762216,jmp,753405,before,8391
Build_Generic_Planet_Or_Colony_Description_String_Formatted_,762221,763454,1233,762845,jmp,759737,before,2484
Colony_Invasion_Popup_,763791,763855,64,763850,jmp,763633,before,158
Add_Colony_Combat_Fields_,765384,766524,1140,766519,jmp,759737,before,5647
Draw_Colony_Combat_Popup_,766524,768140,1616,768135,jmp,753405,before,13119
Colony_Combat_Popup_,768720,769723,1003,769707,jne,759735,before,8985
Dragon_New_Star_Popup_,771893,772124,231,772119,jmp,759735,before,12158
Draw_Pictures_,773181,773436,255,773431,jmp,773174,before,7
Draw_Newgame_Screen_,773436,775009,1573,775004,jmp,773175,before,261
Newgame_Screen_,775221,776421,1200,776412,jmp,773174,before,2047
Set_Colony_Summary_Screen_Help_List_,776984,777002,18,777000,jmp,776977,before,7
Set_Refit_Ship_Popup_Help_List_,777002,777020,18,777018,jmp,776977,before,25
Set_Building_Queue_Screen_Help_List_,777020,777038,18,777036,jmp,776977,before,43
Set_Transport_Popup_Help_List_,777038,777056,18,777054,jmp,776977,before,61
Set_Occupation_Policy_Popup_Help_List_,777056,777074,18,777072,jmp,776977,before,79
Set_Player_Attacked_Popup_Help_List_,777156,777177,21,777172,jmp,776977,before,179
Set_New_Colony_Confirmation_Box_Help_List_,777177,777198,21,777193,jmp,776977,before,200
Set_Tax_Rate_Popup_Help_List_,777198,777219,21,777214,jmp,776977,before,221
Set_Dragon_New_Star_Popup_Help_List_,777219,777240,21,777235,jmp,776977,before,242
Set_Planet_Selection_Popup_Help_List_,777240,777261,21,777256,jmp,776977,before,263
Set_Officer_Information_Popup_Help_List_,777261,777282,21,777277,jmp,776977,before,284
Set_Combat_Colony_Selection_Popup_Help_List_,777282,777303,21,777298,jmp,776977,before,305
Product_Name_,783256,783272,16,783260,jne,667642,before,115614
Mean_Ship_Strength_,785125,785590,465,785585,jmp,785118,before,7
Colony_Is_Conquered_,786178,786486,308,786354,jmp,957090750,after,956304264
Assign_Colony_New_Building_,789256,789631,375,789586,jmp,785118,before,4138
Empire_Buy_Outright_,789807,790534,727,790529,jmp,785118,before,4689
Refit_Cost_,790667,790766,99,790738,jle,790768,after,2
Assign_Empire_Building_,790766,796500,5734,796495,jmp,785119,before,5647
Proximity_Worth_To_Player_,797418,797870,452,797849,jmp,797186,before,232
Colony_Worth_To_Player_,797870,798766,896,798056,jmp,797186,before,684
Compute_Base_Planet_Values_,798766,799013,247,799008,jmp,797346,before,1420
Compute_Contextual_Planet_Values_,799013,799512,499,799507,jmp,797346,before,1667
Refit_Desirability_,799697,800111,414,800106,jmp,797346,before,2351
Compute_Star_Player_Range_Info_,801696,802100,404,802095,jmp,797346,before,4350
Compute_AI_Data_,802100,808781,6681,808776,jmp,797347,before,4753
Deallocate_AI_Data_,808781,808801,20,808791,jmp,1053644,after,244843
Keep_Ship_Designs_Up_To_Date_,810222,810393,171,810388,jmp,810215,before,7
Do_Ship_Upgrade_Cheats_,810521,810921,400,810570,jle,810215,before,306
Sort_Pops_Fixed_,810921,810977,56,810972,jmp,808847,before,2074
Assign_Required_Colonists_,810977,811301,324,811296,jmp,810215,before,762
Do_Blockaded_Colony_,811495,811797,302,811792,jmp,810216,before,1279
Sort_Pops_R_I_,811797,811942,145,811914,jmp,811474,before,323
Sort_Pops_FR_I_,811942,812170,228,812138,jmp,811478,before,464
Compute_Max_Min_R_I_Worthiness_,812170,812332,162,812310,jmp,810215,before,1955
Do_Unblockaded_Colony_,812332,812619,287,812614,jmp,810215,before,2117
Grab_Scientist_,812674,812723,49,812721,jmp,812666,before,8
Assign_Additional_Research_Industry_,812723,813098,375,812924,jne,810215,before,2508
Sort_Pops_F_IR_,813259,813568,309,813548,jmp,811478,before,1781
Make_First_Unassigned_Into_Farmer_,813568,813780,212,813764,jmp,810216,before,3352
Assign_Additional_Unblockaded_Farmers_,813780,814464,684,814417,je,810215,before,3565
Assign_Star_Officer_,815473,816084,611,816025,je,815467,before,6
Delete_Already_Assigned_Planets_,816996,817443,447,817226,je,816990,before,6
Ship_Rough_Strength_At_Star_,818515,818996,481,818991,jmp,816990,before,1525
Sort_candidate_stars_,821319,821547,228,821521,jmp,816990,before,4329
Enemy_Colony_Worth_To_Player_,822545,822753,208,822748,jmp,816990,before,5555
Find_Best_Attack_From_Star_,824499,825326,827,825089,je,821169,before,3330
Launch_Attacks_,825326,825407,81,825402,jmp,816990,before,8336
Interceptions_,825982,827269,1287,826045,jne,821169,before,4813
Move_To_Stage_Points_,828549,829852,1303,829031,je,828536,before,13
Move_Transports_,829852,831444,1592,831254,jle,828536,before,1316
Move_To_Unexplored_Stars_,831444,832087,643,831794,je,828536,before,2908
Launch_Sneak_Attack_,832087,832485,398,832480,jmp,828543,before,3544
Mark_Flee_Stars_,832485,832638,153,832633,jmp,832479,before,6
Move_AI_,832638,833113,475,833108,jmp,822539,before,10099
Sort_npc_dests_,833113,833234,121,833149,jne,816990,before,16123
NPC_Dest_,833234,833752,518,833747,jmp,816990,before,16244
Move_NPCs_,833752,834345,593,834340,jmp,828536,before,5216
Find_Opportunity_Attack_Aux_,834463,834652,189,834510,je,824269,before,10194
Player_Threatens_Player_,834760,835000,240,834816,jne,825778,before,8982
Number_Of_Attacks_Underway_,835000,835204,204,835199,jmp,816990,before,18010
Player_Best_Armor_,836387,836431,44,836419,je,836381,before,6
Player_Best_Computer_,836431,836475,44,836463,je,836381,before,50
Player_Best_Fuel_,836475,836522,47,836507,je,836381,before,94
Player_Best_Drive_,836579,836630,51,836611,je,836381,before,198
Player_Best_Rifle_,836630,836681,51,836662,je,836381,before,249
Player_Best_Personal_Shield_,836681,836732,51,836713,je,836381,before,300
Apply_Evolutionary_Upgrades_,838576,838705,129,838700,jmp,838242,before,334
AI_Agrees_To_Research_Agreement_,838787,838860,73,838839,jl,838780,before,7
Resolve_Biological_Hit_,839998,840434,436,840069,jl,839351,before,647
Apply_Bomb_Hits_,840434,840529,95,840479,jle,839077,before,1357
Send_GNN_Chat_Msg_,840746,840885,139,840880,jmp,840739,before,7
_climate_maintenance_modifiers,840890,840957,67,840954,js,840968,after,11
Format_Quotient_,842294,842452,158,842447,jmp,846615,after,4163
Colony_Morale_,842533,843515,982,843061,je,846615,after,3100
Colony_Pop_Prod_Produced_,843731,843838,107,843815,jne,854856,after,11018
Colony_Pop_Base_Prod_Produced_,844332,844416,84,844405,jge,847383,after,2967
Show_Food_Production_,846621,846667,46,846662,jmp,843556,before,3065
Colony_Food_Maintenance_,846667,846997,330,846719,jmp,860055,after,13058
Show_Industry_Production_,849176,849222,46,849217,jmp,843556,before,5620
Colony_Industry_Maintenance_,849222,849519,297,849274,jmp,860055,after,10536
Colony_Replicators_,849519,850113,594,849544,je,860055,after,9942
Pass_Out_Imports_,850160,851398,1238,851285,je,846615,before,3545
Colony_Empire_Base_Research_Produced_,851575,851828,253,851810,jmp,847380,before,4195
Colony_Research_Production_,851828,852931,1103,851855,jmp,846615,before,5213
Show_Research_Production_,852931,852977,46,852972,jmp,843556,before,9375
Colony_BC_Production_,852977,854216,1239,853004,jmp,846615,before,6362
Show_BC_Production_,854216,854262,46,854257,jmp,843556,before,10660
Colony_BC_Maintenance_,854351,854548,197,854543,jmp,860055,after,5507
Planet_Max_Population_For_Player_,854863,855069,206,855064,jmp,846615,before,8248
Room_For_Another_Dude_,855195,855448,253,855443,jmp,849164,before,6031
Colony_Cost_To_Buy_Given_Product_,856066,856197,131,856085,jbe,854856,before,1210
Colony_Can_Build_Product_,856508,858169,1661,858164,jmp,846615,before,9893
Colony_Pop_Grows_,858169,859373,1204,858229,jmp,860055,after,682
Compute_Player_Maintenance_,860160,861764,1604,861759,jmp,846615,before,13545
Show_Command_Points_,861764,861809,45,861804,jmp,843556,before,18208
Compute_Total_Building_Costs_,861809,861920,111,861915,jmp,860056,before,1753
Update_Player_Stats_,861968,862832,864,862827,jmp,860055,before,1913
Do_Player_Colony_Post_Production_,863497,863602,105,863597,jmp,862889,before,608
Apply_Colony_Pop_Growth_,863690,865366,1676,865361,jmp,860056,before,3634
Apply_Assimilation_,865366,865814,448,865400,jne,860055,before,5311
Apply_Production_,866015,867994,1979,866072,jne,860055,before,5960
Ghost_Colony_Stuff_,867994,868206,212,868084,jne,860055,before,7939
Compute_Player_Total_Known_Tech_Cost_,869685,869887,202,869882,jmp,860055,before,9630
Eliminate_Player_,869887,870431,544,870378,jae,860055,before,9832
Surrender_Star_,871091,871263,172,871254,jle,869595,before,1496
Do_Surrender_Empire_,871263,871634,371,871629,jmp,846615,before,24648
Surrender_Empire_,871686,871881,195,871872,jle,849171,before,22515
Do_Surrenders_,871881,872020,139,872015,jmp,860055,before,11826
Apply_All_Player_Changes_,872265,872490,225,872485,jmp,860055,before,12210
Compute_Blockades_,872599,873077,478,873072,jmp,860055,before,12544
Compute_Star_Colony_Stuff_,873110,873421,311,873416,jmp,860055,before,13055
Twiddle_Initial_Homeworld_,873918,874448,530,874271,jbe,860056,before,13862
First_Colony_Of_Player_,874448,874484,36,874469,je,872261,before,2187
Twiddle_Initial_Homeworlds_,874546,875239,693,874728,jne,860055,before,14491
Get_System_Population_,875369,875480,111,875475,jmp,846615,before,28754
Best_Leader_Diplomat_Bonus_,876041,876211,170,876206,jmp,860053,before,15988
AI_Colonize_,878072,878582,510,878577,jmp,877806,before,266
Process_Retreating_Ships_,880210,881411,1201,881406,jmp,895171,after,13760
Get_Best_Colony_Target_,882855,883577,722,883542,je,879260,before,3595
Human_Confirms_Attack_,883577,883931,354,883926,jmp,879780,before,3797
Pick_Attacker_At_Star_,885140,885297,157,885292,jmp,895172,after,9875
Collect_Targets_For_Combat_,885428,885786,358,885693,je,879780,before,5648
Pick_Star_And_Attacker_,885925,886173,248,885952,jne,879781,before,6144
Bomb_Results_Popups_,886263,886432,169,886411,je,895172,after,8740
N_Enemy_Stars_In_Range_,886503,886585,82,886580,jmp,879780,before,6723
Do_System_Discoveries_At_Star_,891175,892115,940,891214,je,895171,after,3056
Search_For_Battles_,892258,893681,1423,893557,jmp,895172,after,1491
Do_Nonhuman_Attack_Against_Human_,895259,895649,390,895380,jmp,895171,before,88
Do_Net_Combat_Update_,895649,897426,1777,895670,jne,895166,before,483
Map_Is_Connected_,900480,900729,249,900724,jmp,899515,before,965
Parsecs_Between_Points_,900729,900791,62,900782,jae,900479,before,250
Get_Orbit_From_X_Y_,901067,901342,275,901337,jmp,899702,before,1365
Actual_Expected_Damage_,901342,901468,126,901463,jmp,901061,before,281
Resolve_Ground_Combat_,902657,902686,29,902667,jae,902654,before,3
Get_Invasion_Info_,903217,903548,331,903543,jmp,903002,before,215
Change_Pop_Ownership_,904183,904709,526,904704,jmp,904177,before,6
Check_Rebellion_,905824,906314,490,906309,jmp,904031,before,1793
Kill_Spy_,908479,908659,180,908500,jge,907749,before,730
Kill_Leaders_,909280,909488,208,909324,jge,907749,before,1531
Player_Maintenance_,909488,910497,1009,909525,jge,907749,before,1739
Add_Ongoing_Event_Msgs_,915495,916154,659,916045,jmp,912370,before,3125
Add_Choose_Net_Plyrs_Fields_,916304,916714,410,916695,jmp,938499,after,21785
Add_Net_Next_Turn_Fields_,916714,917114,400,917109,jmp,938499,after,21385
Add_Load_MP_Game_Screen_Fields_,917114,917383,269,917378,jmp,938499,after,21116
Add_Choose_Multi_Net_Game_Fields_,917383,917658,275,917653,jmp,938499,after,20841
Add_Modem_Setup_Fields_,918514,919160,646,919155,jmp,938499,after,19339
Add_Modem_String_Fields_,919160,919553,393,919548,jmp,938499,after,18946
Print_Modem_Strings_,919631,919875,244,919870,jmp,929603,after,9728
Add_NullModem_Setup_Fields_,919875,920429,554,920424,jmp,919129,before,746
Choose_Multi_Network_Game_Screen_,920718,921111,393,921106,jmp,938499,after,17388
Draw_Net_Next_Turn_Screen_,921717,923246,1529,923241,jmp,938500,after,15254
Draw_Choose_Net_Plyrs_Screen_,923246,924103,857,924098,jmp,923234,before,12
Draw_Choose_Multi_Net_Game_Screen_,924404,924902,498,924897,jmp,923234,before,1170
Draw_Load_MP_Game_Screen_,924902,925826,924,925821,jmp,938499,after,12673
Draw_Modem_Setup_Screen_,926421,927554,1133,927216,jge,923234,before,3187
Draw_NullModem_Setup_Screen_,927924,928907,983,928558,jge,938499,after,9592
Draw_SendGet_Net_Info_Screen_,928907,929253,346,929104,je,938499,after,9246
Draw_Wait_For_New_Joiners_Screen_,929253,929614,361,929609,jmp,938499,after,8885
Draw_Wait_For_Race_Info_Screen_,929614,929977,363,929972,jmp,929600,before,14
Get_Net_Next_Turn_Player_Colors_,930235,930734,499,930729,jmp,938499,after,7765
Hotseat_Add_Next_Player_Fields_,930798,931050,252,931045,jmp,938499,after,7449
Hotseat_Draw_Next_Player_,931050,931836,786,931831,jmp,938499,after,6663
Hotseat_Get_Colors_,931836,932060,224,932055,jmp,938499,after,6439
Hotseat_Select_Player_,932580,933223,643,933192,je,938499,after,5276
Hotseat_Set_Next_Player_Status_,933223,933385,162,933380,jmp,938499,after,5114
Load_Net_Next_Turn_Screen_,933442,933830,388,933825,jmp,938499,after,4669
Load_Load_MP_Game_Screen_,934317,934602,285,934597,jmp,934302,before,15
Load_Modem_Setup_Screen_,935099,935387,288,935382,jmp,934305,before,794
Load_Multi_Player_Game_Screen_,935776,936321,545,935974,jmp,923234,before,12542
Load_NullModem_Setup_Screen_,936321,936648,327,936643,jmp,938500,after,1852
Modem_Setup_Screen_,936648,937369,721,937364,jmp,923234,before,13414
NullModem_Setup_Screen_,938506,938955,449,938950,jmp,938494,before,12
Reload_Generic_Net_Info_,938967,939168,201,939163,jmp,938500,before,467
Reload_Initializing_Net_Info_,939198,939215,17,939210,jmp,938967,before,231
Change_MP_Game_Name_,939895,940163,268,940158,jmp,938499,before,1396
Basic_Update_,940345,940703,358,940357,jne,940339,before,6
Mox_Net_Update_,944638,946064,1426,944663,jne,959368,after,13304
fwrite_modem_file_,946301,946411,110,946396,jno,946412,after,1
Decode_Difference_Buffer_,946897,947138,241,946949,jmp,946891,before,6
Broadcast_Game_Data_Differential_,947405,948726,1321,948721,jmp,959368,after,10642
Send_Game_Orders_,949909,951223,1314,951218,jmp,948711,before,1198
Decode_Pick_Target_Info_,953486,954264,778,954259,jmp,952530,before,956
Send_You_Are_Target_Info_,954264,955363,1099,955358,jmp,946891,before,7373
Decode_You_Are_Target_Info_,955363,956177,814,956172,jmp,952530,before,2833
Decode_Battle_Results_,957528,958557,1029,958552,jmp,952530,before,4998
Send_Pick_Your_Position_,958557,958675,118,958670,jmp,948711,before,9846
Get_Next_AI_Talker_,958883,959088,205,959083,jmp,959368,after,280
Net_Request_Human_Diplomacy_,959478,959777,299,959634,jmp,959363,before,115
Refuse_Diplomacy_Request_,960296,960372,76,960367,jmp,959896,before,400
Tell_Diplomacy_Requester_To_Wait_,960372,960405,33,960400,jmp,959898,before,474
Send_Drop_Out_Info_,960432,960674,242,960669,jmp,952530,before,7902
Decode_Drop_Out_Info_,960674,960892,218,960822,jne,952530,before,8144
Net_Pick_Position_,961669,962176,507,961791,jmp,961662,before,7
Load_Net_Screen_,963195,964581,1386,963544,jmp,963052,before,143
Start_Net_Screen_,964581,966261,1680,966256,jmp,961663,before,2918
Client_Next_Turn_,967378,967792,414,967787,jmp,967314,before,64
Net_Next_Turn_,967792,968357,565,967870,jmp,967314,before,478
Calc_Tech_Value_,968773,971161,2388,971156,jmp,968723,before,50
Get_Competition_Tech_Values_,971161,971289,128,971284,jmp,968721,before,2440
Initialize_Reports_,972828,972870,42,972868,jmp,972792,before,36
Star_Has_Special_For_Player_,973037,973073,36,973049,jl,973031,before,6
Explored_New_Star_,973146,973375,229,973195,jmp,975586,after,2211
Has_Msg_,975082,975441,359,975436,jmp,975586,after,145
Has_Report_,975705,975880,175,975875,jmp,975586,before,119
Has_Diplomacy_Messages_,975880,976148,268,976143,jmp,975583,before,297
Get_Weighted_Choice_Short_,977197,977263,66,977256,jae,977193,before,4
Shuffle_Sint_,977397,977468,71,977466,jmp,977391,before,6
Shuffle_Int_,977468,977538,70,977533,jmp,977391,before,77
Star_In_Range_Of_Player_Aux2_,980371,980472,101,980399,jne,980362,before,9
Move_All_Ships_Toward_Stars_,982762,983056,294,983051,jmp,980882,before,1880
Allocate_New_Ship_Slots_,983323,983885,562,983813,jge,980882,before,2441
Update_Ship_ETAs_,984092,984345,253,984340,jmp,980882,before,3210
Do_Wormhole_Event_,984345,984600,255,984595,jmp,982756,before,1589
Do_Hyperspace_Beast_,984600,985128,528,985123,jmp,980882,before,3718
Reset_Needless_Ignore_Combat_Ships_Flags_,985213,985539,326,985534,jmp,980883,before,4330
Resolve_Player_Spies_,988324,989032,708,988935,jle,987541,before,783
Leader_Assassinates_,989032,989347,315,989224,je,987541,before,1491
Trade_Agreement_Goal_,990116,990355,239,990350,jmp,991100,after,745
Process_Trade_Agreement_,990547,990693,146,990688,jmp,991100,after,407
Process_Research_Agreement_,990693,990839,146,990834,jmp,991100,after,261
Start_Research_Agreement_,991106,991287,181,991282,jmp,991095,before,11
Bill_Default_,991342,991370,28,991349,jae,998683,after,7313
Get_My_Agent_Number_,993119,993142,23,993140,jmp,993063,before,56
Get_My_Agent_Mission_,993142,993165,23,993163,jmp,993103,before,39
Set_Their_Spy_Mission_,993205,993241,36,993239,jmp,993196,before,9
Set_My_Spy_Mission_,993293,993341,48,993339,jmp,993284,before,9
Set_My_Agent_Mission_,993394,993442,48,993440,jmp,993384,before,10
Update_List_Window_Data_,993786,994527,741,993841,je,992289,before,1497
Turn_Off_Palettes_,994527,994549,22,994544,jmp,1186082,after,191533
Cache_Player_Spy_Anim_,996555,996641,86,996626,jne,996539,before,16
Cache_Player_Trooper_Anim_,996641,996783,142,996712,jne,996539,before,102
_Print_String_Bill_,996783,997130,347,996804,jl,995082,before,1701
_Print_Paragraph_Bill_,997130,997653,523,997648,jmp,995893,before,1237
History_Graph_Help_,997915,997933,18,997928,jmp,997789,before,126
Technology_Select_Help_,997933,997951,18,997949,jmp,997863,before,70
Technology_Change_Help_,997951,997969,18,997967,jmp,997863,before,88
Tech_Select_List_Right_Help_,997969,997987,18,997985,jmp,997863,before,106
Tech_Select_List_Left_Help_,997987,998008,21,998003,jmp,997863,before,124
Tech_Change_List_Right_Help_,998008,998029,21,998024,jmp,997863,before,145
Tech_Change_List_Left_Help_,998029,998050,21,998045,jmp,997863,before,166
Races_Help_,998050,998071,21,998066,jmp,997863,before,187
Report_Help_,998071,998092,21,998087,jmp,997863,before,208
Audience_Menu_Help_,998092,998113,21,998108,jmp,997863,before,229
Treaties_Menu_Help_,998113,998134,21,998129,jmp,997863,before,250
Treaties_Race_Help_,998134,998155,21,998150,jmp,997863,before,271
War_Race_Help_,998155,998176,21,998171,jmp,997863,before,292
Trade_Menu_Help_,998176,998197,21,998192,jmp,997863,before,313
Trade_Cash_Help_,998197,998218,21,998213,jmp,997863,before,334
Trade_Tech_Help_,998218,998239,21,998234,jmp,997863,before,355
Tech_Swap_Help_,998239,998260,21,998255,jmp,997863,before,376
Tribute_Menu_Help_,998260,998281,21,998276,jmp,997863,before,397
Tribute_Cash_Help_,998281,998302,21,998297,jmp,997863,before,418
Tribute_Tech_Help_,998302,998323,21,998318,jmp,997863,before,439
Return_To_Last_Break_,999867,1000082,215,1000070,jmp,1000326,after,244
Paragraph_HT_,1001599,1001644,45,1001615,jge,1001596,before,3
Set_Item_Value_,1003499,1003657,158,1003613,jge,1003697,after,40
Insert_Item_,1003657,1004506,849,1003712,je,1000325,before,3332
Process_Function_,1004851,1005982,1131,1005930,je,1000325,before,4526
FN_Set_Space_Size_,1006903,1006964,61,1006946,jl,1006849,before,54
FN_Set_Indent_,1007257,1007324,67,1007301,jge,1007080,before,177
FN_User_Call_,1007497,1007593,96,1007557,je,1006899,before,598
_Justify_Line_Fully_,1007699,1007985,286,1007845,je,1000325,before,7374
Print_Line_,1007985,1009595,1610,1008005,jle,1000325,before,7660
Pick_Font_Color_,1009774,1009804,30,1009780,jbe,1121164,after,111360
Set_Line_Limits_,1010419,1010860,441,1010802,jmp,1000325,before,10094
Info_Screen_,1010860,1011866,1006,1011861,jmp,1013352,after,1486
Draw_Maint_Income_Chart_,1011866,1012244,378,1012233,jne,1012250,after,6
Draw_The_History_Graph_,1013358,1013929,571,1013924,jmp,1013351,before,7
Draw_Histories_,1014092,1015131,1039,1014188,je,1013351,before,741
Display_Graphed_Players_Names_,1015274,1015445,171,1015440,jmp,1013351,before,1923
Init_Tech_Review_List_,1017361,1017558,197,1017553,jmp,1015843,before,1518
Print_Player_Specials_To_Bitmap_,1017558,1018016,458,1017585,jge,1013153,before,4405
Turn_Summary_Subscreen_,1019800,1020605,805,1020255,jmp,1019479,before,321
Draw_Turn_Summary_Subscreen_,1020605,1020721,116,1020716,jmp,1017352,before,3253
Reference_Subscreen_,1020721,1020877,156,1020804,jmp,1015790,before,4931
Reference_Main_Subscreen_,1020877,1021657,780,1021519,jmp,1019479,before,1398
Draw_Reference_Main_Subscreen_,1021657,1021794,137,1021789,jmp,1017352,before,4305
Reference_How_To_Subscreen_,1021794,1022094,300,1022067,jne,1015841,before,5953
Reference_Category_Subscreen_,1022094,1023269,1175,1023168,jmp,1019479,before,2615
Draw_Reference_Category_Subscreen_,1023269,1023413,144,1023408,jmp,1017322,before,5947
Draw_Multiple_Drop_Areas_,1023902,1023930,28,1023916,jae,1023900,before,2
Add_Fields_To_List_Page_,1024392,1024541,149,1024536,jmp,1024385,before,7
Display_List_Text_,1024941,1025191,250,1024955,je,1024831,before,110
Goto_Page_With_Entry_,1025364,1025443,79,1025422,jmp,1024831,before,533
Set_Selected_List_Entry_,1025507,1025625,118,1025620,jmp,1024831,before,676
Race_Screen_,1027258,1030717,3459,1029276,jmp,1031655,after,938
Init_Race_Display_Data_,1030717,1031504,787,1031499,jmp,1034375,after,2871
Draw_Race_Photos_,1031661,1032125,464,1031692,jge,1031654,before,7
Draw_Race_Text_,1032125,1033449,1324,1033444,jmp,1029275,before,2850
Setup_Race_Display_Fields_,1033840,1034230,390,1033862,jmp,1034375,after,145
Draw_Race_Screen_,1034464,1035231,767,1035047,jb,1031654,before,2810
Draw_Icon_Group_,1036247,1036353,106,1036272,jbe,1031654,before,4593
_Tech_Select_,1039378,1041586,2208,1041581,jmp,1042113,after,527
Draw_Tech_List_,1043606,1043682,76,1043677,jmp,1041745,before,1861
Display_Entry_Text_,1043712,1044079,367,1043725,je,1042112,before,1600
Init_Entry_Positions_,1044419,1044617,198,1044592,jmp,1042113,before,2306
Init_Entry_Data_,1044617,1045513,896,1045508,jmp,1043594,before,1023
Setup_Entry_Buttons_,1045513,1045659,146,1045654,jmp,1044387,before,1126
Get_Group_List_,1045659,1046063,404,1046038,jmp,1044387,before,1272
Draw_Application_Description_,1046063,1046386,323,1046381,jmp,1044387,before,1676
New_Get_Tech_Cost_,1046621,1046660,39,1046655,jmp,859798,before,186823
Get_Tech_Cost_,1046843,1046859,16,1046848,jne,1046636,before,207
Get_Parent_Index_,1047008,1047046,38,1047028,jne,1046841,before,167
Check_For_Valid_Segs_,1148875,1149046,171,1149034,jo,1149149,after,103
fflush_,1155049,1155065,16,1155051,jne,1274736,after,119671
qsort_,1195764,1196845,1081,1195996,je,1195755,before,9
_angle_to_sin,1213445,1213625,180,1213517,jns,1213413,before,32
Get_Paragraph_Max_Width_,1239290,1239710,420,1239387,jmp,3923175794,after,3921936084
__STK,1241587,1241617,30,1241614,je,1241617,after,0
_exit_,1241868,1241890,22,1241885,jmp,1048999,before,192869
_AIL_set_preference,1243215,1243465,250,1243341,je,1244370,after,905
_AIL_get_real_vect,1243475,1243710,235,1243592,je,1244370,after,660
_AIL_set_real_vect,1243710,1243831,121,1243826,jmp,1244076,after,245
_AIL_delay,1244382,1244491,109,1244486,jmp,1244073,before,309
_AIL_register_timer,1245353,1245588,235,1245470,je,1244370,before,983
_AIL_set_timer_user,1245588,1245831,243,1245714,je,1244370,before,1218
_AIL_set_timer_period,1245831,1245949,118,1245944,jmp,1243823,before,2008
_AIL_set_timer_frequency,1245949,1246067,118,1246062,jmp,1243823,before,2126
_AIL_set_timer_divisor,1246067,1246185,118,1246180,jmp,1243823,before,2244
_AIL_interrupt_divisor,1246185,1246407,222,1246289,je,1244370,before,1815
_AIL_start_timer,1246407,1246516,109,1246511,jmp,1244073,before,2334
_AIL_start_all_timers,1246516,1246614,98,1246609,jmp,1243207,before,3309
_AIL_stop_timer,1246614,1246723,109,1246718,jmp,1244073,before,2541
_AIL_stop_all_timers,1246723,1246821,98,1246816,jmp,1243207,before,3516
_AIL_release_timer_handle,1246821,1246930,109,1246925,jmp,1244073,before,2748
_AIL_release_all_timers,1246930,1247028,98,1247023,jmp,1243207,before,3723
_AIL_get_IO_environment,1247028,1247257,229,1247145,je,1244370,before,2658
_AIL_install_driver,1247257,1247500,243,1247383,je,1244370,before,2887
_AIL_uninstall_driver,1247500,1247609,109,1247604,jmp,1244073,before,3427
_AIL_install_DIG_INI,1247609,1247831,222,1247713,je,1244370,before,3239
_AIL_install_DIG_driver_file,1247831,1248068,237,1247957,je,1244370,before,3461
_AIL_uninstall_DIG_driver,1248068,1248177,109,1248172,jmp,1244073,before,3995
_AIL_allocate_sample_handle,1248177,1248406,229,1248294,je,1244370,before,3807
_AIL_allocate_file_sample,1248406,1248655,249,1248543,je,1244370,before,4036
_AIL_release_sample_handle,1248655,1248764,109,1248759,jmp,1244073,before,4582
_AIL_init_sample,1248764,1248873,109,1248868,jmp,1244073,before,4691
_AIL_set_sample_file,1248873,1249135,262,1249010,je,1244370,before,4503
_AIL_set_sample_address,1249135,1249265,130,1249260,jmp,1243956,before,5179
_AIL_set_sample_type,1249265,1249395,130,1249390,jmp,1243956,before,5309
_AIL_start_sample,1249395,1249504,109,1249499,jmp,1244073,before,5322
_AIL_stop_sample,1249504,1249613,109,1249608,jmp,1244073,before,5431
_AIL_resume_sample,1249613,1249722,109,1249717,jmp,1244073,before,5540
_AIL_end_sample,1249722,1249831,109,1249826,jmp,1244073,before,5649
_AIL_set_sample_playback_rate,1249831,1249949,118,1249944,jmp,1243823,before,6008
_AIL_set_sample_volume,1249949,1250067,118,1250062,jmp,1243823,before,6126
_AIL_set_sample_pan,1250067,1250185,118,1250180,jmp,1243823,before,6244
_AIL_set_sample_loop_count,1250185,1250303,118,1250298,jmp,1243823,before,6362
_AIL_sample_status,1250303,1250532,229,1250420,je,1244370,before,5933
_AIL_sample_playback_rate,1250532,1250773,241,1250649,je,1244370,before,6162
_AIL_sample_volume,1250773,1251002,229,1250890,je,1244370,before,6403
_AIL_sample_pan,1251002,1251231,229,1251119,je,1244370,before,6632
_AIL_sample_loop_count,1251231,1251460,229,1251348,je,1244370,before,6861
_AIL_install_DIG_driver_image,1251460,1251709,249,1251597,je,1244370,before,7090
_AIL_minimum_sample_buffer_size,1251709,1251958,249,1251846,je,1244370,before,7339
_AIL_sample_buffer_ready,1251958,1252187,229,1252075,je,1244370,before,7588
_AIL_load_sample_buffer,1252187,1252330,143,1252325,jmp,1243959,before,8228
_AIL_set_sample_position,1252330,1252448,118,1252443,jmp,1243823,before,8507
_AIL_sample_position,1252448,1252677,229,1252565,je,1244370,before,8078
_AIL_register_SOB_callback,1252677,1252914,237,1252803,je,1244370,before,8307
_AIL_register_EOB_callback,1252914,1253151,237,1253040,je,1244370,before,8544
_AIL_register_EOS_callback,1253151,1253388,237,1253277,je,1244370,before,8781
_AIL_register_EOF_callback,1253388,1253625,237,1253514,je,1244370,before,9018
_AIL_set_sample_user_data,1253625,1253755,130,1253750,jmp,1243956,before,9669
_AIL_sample_user_data,1253755,1253992,237,1253881,je,1244370,before,9385
_AIL_active_sample_count,1253992,1254221,229,1254109,je,1244370,before,9622
_AIL_install_MDI_INI,1254221,1254437,216,1254325,je,1244370,before,9851
_AIL_install_MDI_driver_file,1254437,1254674,237,1254563,je,1244370,before,10067
_AIL_uninstall_MDI_driver,1254674,1254783,109,1254778,jmp,1244073,before,10601
_AIL_allocate_sequence_handle,1254783,1255012,229,1254900,je,1244370,before,10413
_AIL_release_sequence_handle,1255012,1255121,109,1255116,jmp,1244073,before,10939
_AIL_init_sequence,1255121,1255370,249,1255258,je,1244370,before,10751
_AIL_start_sequence,1255370,1255479,109,1255474,jmp,1244073,before,11297
_AIL_stop_sequence,1255479,1255588,109,1255583,jmp,1244073,before,11406
_AIL_resume_sequence,1255588,1255697,109,1255692,jmp,1244073,before,11515
_AIL_end_sequence,1255697,1255806,109,1255801,jmp,1244073,before,11624
_AIL_set_sequence_tempo,1255806,1255936,130,1255931,jmp,1243956,before,11850
_AIL_set_sequence_volume,1255936,1256066,130,1256061,jmp,1243956,before,11980
_AIL_set_sequence_loop_count,1256066,1256184,118,1256179,jmp,1243823,before,12243
_AIL_sequence_status,1256184,1256413,229,1256301,je,1244370,before,11814
_AIL_sequence_tempo,1256413,1256642,229,1256530,je,1244370,before,12043
_AIL_sequence_volume,1256642,1256871,229,1256759,je,1244370,before,12272
_AIL_sequence_loop_count,1256871,1257100,229,1256988,je,1244370,before,12501
_AIL_install_MDI_driver_image,1257100,1257349,249,1257237,je,1244370,before,12730
_AIL_set_GTL_filename_prefix,1257349,1257458,109,1257453,jmp,1244073,before,13276
_AIL_timbre_status,1257458,1257707,249,1257595,je,1244370,before,13088
_AIL_install_timbre,1257707,1257956,249,1257844,je,1244370,before,13337
_AIL_protect_timbre,1257956,1258086,130,1258081,jmp,1243956,before,14000
_AIL_unprotect_timbre,1258086,1258216,130,1258211,jmp,1243956,before,14130
_AIL_active_sequence_count,1258216,1258445,229,1258333,je,1244370,before,13846
_AIL_controller_value,1258445,1258694,249,1258582,je,1244370,before,14075
_AIL_channel_notes,1258694,1258931,237,1258820,je,1244370,before,14324
_AIL_sequence_position,1258931,1259195,264,1259058,je,1243959,before,14972
_AIL_branch_index,1259195,1259313,118,1259308,jmp,1243823,before,15372
_AIL_register_prefix_callback,1259313,1259550,237,1259439,je,1244370,before,14943
_AIL_register_trigger_callback,1259550,1259787,237,1259676,je,1244370,before,15180
_AIL_register_sequence_callback,1259787,1260024,237,1259913,je,1244370,before,15417
_AIL_register_event_callback,1260024,1260261,237,1260150,je,1244370,before,15654
_AIL_register_timbre_callback,1260261,1260498,237,1260387,je,1244370,before,15891
_AIL_set_sequence_user_data,1260498,1260628,130,1260623,jmp,1243956,before,16542
_AIL_sequence_user_data,1260628,1260865,237,1260754,je,1244370,before,16258
_AIL_register_ICA_array,1260865,1260983,118,1260978,jmp,1243823,before,17042
_AIL_lock_channel,1260983,1261212,229,1261100,je,1244370,before,16613
_AIL_release_channel,1261212,1261330,118,1261325,jmp,1243823,before,17389
_AIL_map_sequence_channel,1261330,1261460,130,1261455,jmp,1243956,before,17374
_AIL_true_sequence_channel,1261460,1261697,237,1261586,je,1244370,before,17090
_AIL_send_channel_voice_message,1261697,1261850,153,1261845,jmp,1243959,before,17738
_AIL_send_sysex_message,1261850,1261968,118,1261963,jmp,1243823,before,18027
_AIL_create_wave_synthesizer,1261968,1262232,264,1262115,je,1244370,before,17598
_AIL_destroy_wave_synthesizer,1262232,1262341,109,1262336,jmp,1244073,before,18159
_Alphabet,1263938,1263975,37,1263963,jo,1264078,after,103
far_other_strlen_,1272087,1272122,35,1272113,je,1272082,before,5
scan_string_,1299937,1300228,291,1300223,jmp,1299931,before,6
scan_float_,1300639,1301430,791,1301425,jmp,1299931,before,708
__parse_tz_,1313976,1314031,55,1314014,jne,1314624,after,593
__MemAllocator,1316274,1316442,168,1316437,jmp,1316704,after,262
__MemFree,1316442,1316709,267,1316450,je,1316437,before,5
__FreeDPMIBlocks_,1316790,1316882,92,1316803,je,1317536,after,654
__CreateNewNHeap_,1317542,1317718,176,1317559,jmp,1317533,before,9
_AIL_API_startup,1335158,1335420,262,1335415,jmp,1331080,before,4078
_AIL_API_sample_user_data,1342000,1342048,48,1342024,jl,1342148,after,100
_AIL_VOC_terminate,1342686,1342780,94,1342744,ja,1342871,after,91
_AIL_WAV_EOS,1342686,1342780,94,1342744,ja,1342871,after,91
AILXMIDI_end_,1357088,1357844,756,1357796,jmp,1357852,after,8
XDIG_set_pitch_,1358474,1358740,266,1358735,jmp,1358468,before,6
_AIL_API_destroy_wave_synthesizer,1360165,1360249,84,1360244,jmp,1359782,before,383
__assert_,1367844,1367875,31,1367869,jmp,1389193,after,21318
AllocateGreenleafPortStructure_,1368304,1368328,24,1368318,jmp,1389083,after,20755
AllocateTXBuffer_,1368380,1368404,24,1368394,jmp,1389083,after,20679
AllocateRXBuffer_,1368428,1368452,24,1368442,jmp,1389083,after,20631
_CopyToFarMem_,1368956,1369000,44,1368976,jle,1368949,before,7
__int_ctrl_break_handler_,1374651,1374771,120,1374749,jmp,1374619,before,32
__restore_int_ctrl_break_,1375357,1375413,56,1375378,je,1375347,before,10
close_,1376268,1376300,32,1376278,jbe,1275086,before,101182
__init_80x87,1392944,1394320,1376,1394309,jmp,1394320,after,0
_SmackGetSizeTables,1394320,1394336,16,1394326,jmp,1394336,after,0
_SmackDoTables,1394336,1405728,11392,1395886,jmp,1406400,after,672
_Unsmack,1405728,1406704,976,1406177,jmp,1394976,before,10752
_SmackDoPCM,1406704,1408800,2096,1408792,jmp,1408800,after,0
_SmackGetSizeDeltas,1408800,1408832,32,1408823,jmp,1408832,after,0
_SmackGetRect,1408832,1409120,288,1409105,jmp,1409120,after,0
