module,incoming_modules,outgoing_modules,incoming_relationships,outgoing_relationships,incoming_call_sites,outgoing_call_sites,total_call_sites
D:\MOX\OTHERS\RUSS.C,63,10,227,11,802,11,813
D:\MOX\OTHERS\HAROLD.C,48,12,374,17,735,20,755
D:\MOX\OTHERS\MAINSCR.C,34,26,128,304,147,485,632
D:\MOX\OTHERS\ESTRINGS.C,21,0,129,0,604,0,604
D:\MOX\OTHERS\COLONY.C,24,30,182,181,257,280,537
D:\MOX\DIP-SCRN.C,6,16,9,225,12,433,445
L:\MOX\MOX2.C,60,33,258,57,370,61,431
D:\MOX\OTHERS\COLCALC.C,44,21,228,86,317,108,425
D:\MOX\OTHERS\COMBINIT.C,11,25,118,104,187,204,391
D:\MOX\OTHERS\MAINPUPS.C,7,22,22,184,24,361,385
D:\MOX\OTHERS\MISC.C,30,5,206,18,362,20,382
D:\MOX\OTHERS\CMBTDRW1.C,12,17,127,88,170,168,338
D:\MOX\JIM.C,17,7,129,14,314,21,335
D:\MOX\OTHERS\OFFICER.C,32,23,105,129,151,179,330
D:\MOX\OTHERS\HACCESS.C,34,5,235,12,285,12,297
D:\MOX\OTHERS\ERIC.C,52,9,191,29,263,32,295
D:\MOX\OTHERS\DESIGN.C,11,15,102,73,151,130,281
D:\MOX\OTHERS\COLBLDG.C,12,20,35,106,54,217,271
D:\MOX\OTHERS\COMBAT1.C,8,13,40,92,52,178,230
D:\MOX\OTHERS\NETMOX.C,15,16,90,52,119,107,226
D:\MOX\OTHERS\COMBFIND.C,6,32,14,132,14,198,212
D:\MOX\OTHERS\MULTPLAY.C,7,16,49,99,65,143,208
D:\MOX\OTHERS\DESBOX.C,1,10,6,124,7,197,204
D:\MOX\OTHERS\CMBTSPEC.C,5,13,22,127,35,168,203
D:\MOX\OTHERS\CMBTFIR2.C,10,16,74,63,97,95,192
D:\MOX\OTHERS\COLSUM.C,2,18,5,83,5,181,186
D:\MOX\DIPLOMAC.C,11,8,94,25,150,32,182
D:\MOX\OTHERS\CMBTFIRE.C,10,13,71,71,84,98,182
D:\MOX\OTHERS\INITSHIP.C,30,4,137,17,148,19,167
D:\MOX\OTHERS\MOVEBOX.C,17,8,93,23,130,25,155
D:\MOX\RACESCRN.C,2,14,3,50,3,151,154
D:\MOX\BILL.C,30,5,108,6,147,6,153
D:\MOX\OTHERS\CMBTAI.C,5,15,22,103,25,125,150
D:\MOX\OTHERS\SHIPS.C,21,12,61,61,74,74,148
D:\MOX\OTHERS\MAINSCR2.C,1,21,7,110,7,137,144
D:\MOX\OTHERS\FLT1.C,3,19,9,94,9,133,142
D:\MOX\OTHERS\KEN.C,22,2,52,3,138,3,141
D:\MOX\OTHERS\NETSTART.C,4,13,10,88,15,125,140
D:\MOX\OTHERS\MAPGEN.C,5,8,26,49,26,113,139
D:\MOX\OTHERS\SYS.C,8,14,33,64,37,102,139
D:\MOX\OTHERS\CMBTMOV1.C,9,13,48,56,73,65,138
D:\MOX\OTHERS\GENDRAW.C,29,7,72,19,110,23,133
D:\MOX\OTHERS\CMBTMIS.C,8,12,53,53,60,70,130
D:\MOX\OTHERS\SHIPMOVE.C,21,9,89,22,105,23,128
L:\MOX\INITGAME.C,8,27,15,64,15,112,127
D:\MOX\OTHERS\LOADSAVE.C,4,12,7,67,7,119,126
D:\MOX\OTHERS\PLNTSUM.C,2,16,2,76,4,118,122
D:\MOX\OTHERS\FLEETPOP.C,5,10,27,69,32,85,117
L:\MOX\ERICNET.C,27,11,58,24,81,34,115
D:\MOX\EVENTS.C,21,15,61,38,65,48,113
D:\MOX\OTHERS\COLMOVE.C,4,9,19,33,19,91,110
D:\MOX\INFO.C,4,11,5,89,5,103,108
D:\MOX\OTHERS\FLT2.C,4,15,23,60,25,82,107
D:\MOX\OTHERS\AIMOVE.C,6,14,8,64,11,95,106
L:\MOX\FILEDEF.C,7,12,36,33,38,62,100
D:\MOX\TECH.C,6,12,12,46,14,84,98
D:\MOX\OTHERS\TEXTBOX.C,23,5,49,22,59,30,89
D:\MOX\OTHERS\REPORT.C,9,25,13,54,17,70,87
D:\MOX\NPCDIPLO.C,3,4,25,32,31,52,83
D:\MOX\OTHERS\COLREFIT.C,1,12,2,49,2,80,82
D:\MOX\OTHERS\COMBAT.C,2,16,6,51,9,68,77
D:\MOX\OTHERS\BEAMS.C,6,9,28,35,30,46,76
D:\MOX\OTHERS\HOMEGEN.C,2,11,7,45,7,69,76
D:\MOX\OTHERS\COLDRAW.C,4,8,24,29,24,51,75
D:\MOX\OTHERS\NEWGAME.C,1,7,1,13,2,71,73
D:\MOX\OTHERS\AIDATA.C,4,9,7,29,8,64,72
D:\MOX\OTHERS\AIBUILD.C,6,9,11,31,12,59,71
D:\MOX\OTHERS\INVASION.C,14,10,29,28,32,37,69
D:\MOX\COUNCIL.C,1,9,1,41,1,67,68
D:\MOX\OTHERS\COLGCBT.C,1,14,2,48,3,65,68
D:\MOX\OTHERS\SCORE.C,4,9,4,35,5,60,65
L:\MOX\NEXTTURN.C,3,34,3,58,3,61,64
D:\MOX\OTHERS\AIDUDES.C,1,6,1,33,1,60,61
D:\MOX\OTHERS\RACEOPT.C,4,7,4,17,5,51,56
D:\MOX\LIST.C,3,1,51,3,51,3,54
D:\MOX\OTHERS\SPY.C,4,8,4,25,5,49,54
D:\MOX\OTHERS\MSG.C,18,4,36,8,44,9,53
D:\MOX\OTHERS\ERICHELP.C,10,0,35,0,50,0,50
D:\MOX\OTHERS\AIDESIGN.C,1,4,3,30,5,43,48
D:\MOX\OTHERS\AIPOWER.C,7,2,19,22,23,25,48
D:\MOX\OTHERS\COLSYSDI.C,1,5,5,9,5,43,48
D:\MOX\FMTPARA.C,16,0,34,0,47,0,47
D:\MOX\OTHERS\EVANHELP.C,15,2,34,3,44,3,47
D:\MOX\OTHERS\RACESEL.C,4,9,6,22,6,41,47
D:\MOX\SCIENCE.C,3,9,3,33,4,42,46
D:\MOX\OTHERS\COLLAND.C,2,11,2,30,2,43,45
D:\MOX\OTHERS\COLXPORT.C,4,10,13,19,18,27,45
D:\MOX\OTHERS\GEO.C,17,0,34,0,44,0,44
D:\MOX\OTHERS\NAMESTAR.C,7,6,21,14,25,16,41
D:\MOX\OTHERS\NETTURN.C,4,10,6,25,6,33,39
D:\MOX\OTHERS\COLBOMB.C,1,5,2,15,3,35,38
D:\MOX\OTHERS\BOMB.C,9,7,17,8,26,9,35
D:\MOX\OTHERS\MAINMENU.C,2,9,2,18,3,31,34
D:\MOX\FIELDSAV.C,4,2,24,2,31,2,33
D:\MOX\OTHERS\TECHINIT.C,3,4,3,6,3,29,32
D:\MOX\RACERPRT.C,1,8,1,15,1,29,30
D:\MOX\OTHERS\SCROLL.C,6,0,27,0,29,0,29
D:\MOX\OTHERS\NEWPUP.C,1,10,1,19,1,26,27
D:\MOX\OTHERS\FAKEBUTS.C,3,1,16,1,25,1,26
D:\MOX\TURNSUM.C,1,9,1,23,1,24,25
D:\MOX\OTHERS\MAINTAIN.C,3,9,3,19,3,20,23
D:\MOX\OTHERS\ASSERT.C,12,0,20,0,20,0,20
D:\MOX\SMACK.C,2,4,7,8,9,11,20
D:\MOX\OTHERS\AITECH.C,5,5,11,5,14,5,19
D:\MOX\OTHERS\COLONIZE.C,4,8,8,10,8,11,19
D:\MOX\OTHERS\ANTARANS.C,5,5,9,7,10,7,17
D:\MOX\ANTAROOM.C,1,5,1,12,1,15,16
D:\MOX\BILLHELP.C,5,0,16,0,16,0,16
D:\MOX\OTHERS\ADVCIV.C,1,6,2,10,2,14,16
D:\MOX\OTHERS\HOTPOP.C,1,8,1,10,1,15,16
D:\MOX\OTHERS\NEWTECH.C,4,2,9,2,11,2,13
D:\MOX\OTHERS\SETTLER.C,3,4,4,6,4,9,13
D:\MOX\OTHERS\TRADE.C,4,3,6,4,6,7,13
D:\MOX\OTHERS\OCPOLPUP.C,2,5,3,6,3,9,12
L:\MOX\LOADER.C,2,3,2,4,2,9,11
D:\MOX\OTHERS\COLBCACH.C,1,2,8,2,8,2,10
D:\MOX\OTHERS\FLCQUEUE.C,2,0,7,0,10,0,10
D:\MOX\OTHERS\AILEADER.C,1,1,1,7,1,7,8
D:\MOX\OTHERS\CONTACT.C,2,2,2,3,2,6,8
D:\MOX\OTHERS\CHAT.C,3,2,3,4,3,4,7
D:\MOX\OTHERS\AIBOMB.C,1,1,2,3,3,3,6
D:\MOX\OTHERS\LOSTSHIP.C,1,3,1,3,1,4,5
D:\MOX\OTHERS\SHIPSTAK.C,2,2,2,2,2,2,4
D:\MOX\OTHERS\AISTAGE.C,1,2,1,2,1,2,3
D:\MOX\OTHERS\FIREPTS.C,1,0,3,0,3,0,3
D:\MOX\OTHERS\AITRADE.C,0,1,0,2,0,2,2
D:\MOX\RACECUST.C,1,0,1,0,1,0,1
L:\MOX\ALLOC.C,1,0,1,0,1,0,1
L:\MOX\MOX.C,1,0,1,0,1,0,1
D:\MOX\OTHERS\ESCROLL.C,0,0,0,0,0,0,0
