caller_module,callee_module,relationships,call_sites
D:\MOX\DIP-SCRN.C,D:\MOX\JIM.C,52,157
D:\MOX\OTHERS\MAINSCR.C,D:\MOX\OTHERS\HAROLD.C,79,142
D:\MOX\OTHERS\MAINPUPS.C,D:\MOX\OTHERS\ESTRINGS.C,29,141
D:\MOX\DIP-SCRN.C,D:\MOX\DIPLOMAC.C,57,97
D:\MOX\OTHERS\DESBOX.C,D:\MOX\OTHERS\DESIGN.C,60,80
D:\MOX\OTHERS\COLSUM.C,D:\MOX\OTHERS\ESTRINGS.C,5,79
D:\MOX\OTHERS\COLONY.C,D:\MOX\OTHERS\ESTRINGS.C,27,78
D:\MOX\OTHERS\COLBLDG.C,D:\MOX\OTHERS\ESTRINGS.C,20,78
D:\MOX\OTHERS\MAINSCR.C,D:\MOX\OTHERS\MISC.C,35,76
D:\MOX\OTHERS\NETMOX.C,D:\MOX\OTHERS\RUSS.C,20,72
D:\MOX\OTHERS\COMBINIT.C,D:\MOX\OTHERS\RUSS.C,5,65
D:\MOX\OTHERS\MAINSCR.C,D:\MOX\OTHERS\MOVEBOX.C,37,62
D:\MOX\OTHERS\OFFICER.C,D:\MOX\OTHERS\HAROLD.C,25,59
D:\MOX\OTHERS\CMBTSPEC.C,D:\MOX\OTHERS\CMBTDRW1.C,43,57
D:\MOX\OTHERS\DESBOX.C,D:\MOX\OTHERS\MISC.C,26,57
D:\MOX\OTHERS\LOADSAVE.C,D:\MOX\OTHERS\HAROLD.C,14,55
D:\MOX\DIP-SCRN.C,D:\MOX\OTHERS\RUSS.C,18,53
D:\MOX\RACESCRN.C,D:\MOX\OTHERS\RUSS.C,1,52
D:\MOX\OTHERS\MULTPLAY.C,D:\MOX\OTHERS\MISC.C,24,51
D:\MOX\OTHERS\CMBTDRW1.C,D:\MOX\OTHERS\KEN.C,8,50
D:\MOX\OTHERS\MAINSCR.C,D:\MOX\OTHERS\HACCESS.C,41,49
D:\MOX\OTHERS\SYS.C,D:\MOX\OTHERS\HAROLD.C,21,49
L:\MOX\INITGAME.C,D:\MOX\OTHERS\RUSS.C,4,48
D:\MOX\OTHERS\PLNTSUM.C,D:\MOX\OTHERS\HAROLD.C,20,47
D:\MOX\OTHERS\MAPGEN.C,D:\MOX\OTHERS\RUSS.C,13,47
D:\MOX\OTHERS\NEWGAME.C,D:\MOX\OTHERS\ESTRINGS.C,2,46
D:\MOX\OTHERS\COLBLDG.C,D:\MOX\OTHERS\COLONY.C,26,45
D:\MOX\OTHERS\AIDUDES.C,D:\MOX\OTHERS\COLCALC.C,18,44
D:\MOX\OTHERS\AIMOVE.C,D:\MOX\OTHERS\SHIPMOVE.C,30,43
D:\MOX\OTHERS\FLEETPOP.C,D:\MOX\OTHERS\HACCESS.C,34,40
D:\MOX\OTHERS\FLT2.C,D:\MOX\OTHERS\HAROLD.C,18,40
D:\MOX\DIP-SCRN.C,D:\MOX\OTHERS\COLCALC.C,29,39
D:\MOX\RACESCRN.C,D:\MOX\JIM.C,6,39
D:\MOX\OTHERS\FLT1.C,D:\MOX\OTHERS\HAROLD.C,20,38
D:\MOX\OTHERS\MAPGEN.C,D:\MOX\OTHERS\HAROLD.C,19,38
L:\MOX\FILEDEF.C,D:\MOX\OTHERS\RUSS.C,10,38
D:\MOX\OTHERS\MAINSCR2.C,D:\MOX\OTHERS\MAINSCR.C,35,37
D:\MOX\OTHERS\COMBAT1.C,D:\MOX\OTHERS\CMBTMOV1.C,14,37
D:\MOX\OTHERS\MAINPUPS.C,L:\MOX\MOX2.C,20,36
D:\MOX\OTHERS\AIDATA.C,D:\MOX\OTHERS\RUSS.C,5,35
D:\MOX\OTHERS\NETSTART.C,D:\MOX\OTHERS\MULTPLAY.C,28,34
D:\MOX\OTHERS\FLT1.C,D:\MOX\OTHERS\HACCESS.C,23,34
D:\MOX\OTHERS\COLSYSDI.C,D:\MOX\OTHERS\ESTRINGS.C,2,34
D:\MOX\OTHERS\COLMOVE.C,D:\MOX\OTHERS\COLONY.C,17,33
D:\MOX\OTHERS\COLDRAW.C,D:\MOX\OTHERS\COLONY.C,16,33
D:\MOX\OTHERS\CMBTSPEC.C,D:\MOX\OTHERS\COMBINIT.C,23,32
D:\MOX\OTHERS\AIDESIGN.C,D:\MOX\OTHERS\DESIGN.C,19,32
D:\MOX\INFO.C,D:\MOX\LIST.C,31,31
D:\MOX\OTHERS\CMBTFIRE.C,D:\MOX\OTHERS\COMBINIT.C,15,31
D:\MOX\OTHERS\COLREFIT.C,D:\MOX\OTHERS\ESTRINGS.C,8,31
D:\MOX\OTHERS\DESIGN.C,D:\MOX\OTHERS\HAROLD.C,6,31
D:\MOX\OTHERS\MAINPUPS.C,D:\MOX\OTHERS\COLONY.C,23,30
D:\MOX\OTHERS\SHIPS.C,D:\MOX\OTHERS\HAROLD.C,18,30
D:\MOX\OTHERS\MAINPUPS.C,D:\MOX\OTHERS\OFFICER.C,17,30
D:\MOX\COUNCIL.C,D:\MOX\JIM.C,14,29
D:\MOX\OTHERS\COLMOVE.C,D:\MOX\OTHERS\ESTRINGS.C,4,28
D:\MOX\OTHERS\COMBINIT.C,D:\MOX\OTHERS\INITSHIP.C,22,27
D:\MOX\NPCDIPLO.C,D:\MOX\DIPLOMAC.C,16,27
D:\MOX\OTHERS\AIBUILD.C,D:\MOX\OTHERS\COLCALC.C,12,27
D:\MOX\OTHERS\MAINSCR.C,D:\MOX\OTHERS\FLEETPOP.C,21,26
D:\MOX\OTHERS\COMBAT1.C,D:\MOX\OTHERS\CMBTDRW1.C,14,26
D:\MOX\OTHERS\COLONY.C,D:\MOX\OTHERS\ERIC.C,20,25
D:\MOX\OTHERS\MAINPUPS.C,D:\MOX\FIELDSAV.C,18,25
D:\MOX\OTHERS\MULTPLAY.C,D:\MOX\OTHERS\HAROLD.C,17,25
D:\MOX\OTHERS\COMBFIND.C,D:\MOX\OTHERS\NETMOX.C,16,25
D:\MOX\OTHERS\AIMOVE.C,D:\MOX\OTHERS\RUSS.C,11,25
D:\MOX\OTHERS\SPY.C,D:\MOX\BILL.C,10,25
D:\MOX\OTHERS\TECHINIT.C,D:\MOX\OTHERS\RUSS.C,2,25
D:\MOX\OTHERS\MAINSCR.C,D:\MOX\OTHERS\SHIPS.C,22,24
D:\MOX\OTHERS\COLSUM.C,D:\MOX\OTHERS\COLONY.C,21,24
D:\MOX\OTHERS\MAINSCR.C,L:\MOX\MOX2.C,14,24
D:\MOX\OTHERS\COLBLDG.C,D:\MOX\OTHERS\ERIC.C,12,24
D:\MOX\TECH.C,D:\MOX\OTHERS\RUSS.C,2,24
D:\MOX\OTHERS\COLONY.C,D:\MOX\OTHERS\COLCALC.C,21,23
D:\MOX\OTHERS\SYS.C,D:\MOX\OTHERS\MISC.C,19,23
D:\MOX\OTHERS\COMBAT1.C,D:\MOX\OTHERS\CMBTFIR2.C,16,23
D:\MOX\OTHERS\MAINPUPS.C,D:\MOX\OTHERS\ERIC.C,15,23
D:\MOX\INFO.C,D:\MOX\JIM.C,14,23
D:\MOX\OTHERS\CMBTAI.C,D:\MOX\OTHERS\COMBINIT.C,14,23
D:\MOX\OTHERS\DESBOX.C,D:\MOX\OTHERS\HAROLD.C,8,23
D:\MOX\OTHERS\DESIGN.C,D:\MOX\OTHERS\MISC.C,8,23
D:\MOX\OTHERS\SHIPS.C,D:\MOX\OTHERS\HACCESS.C,21,22
D:\MOX\OTHERS\COLGCBT.C,D:\MOX\OTHERS\COLONY.C,18,22
D:\MOX\DIP-SCRN.C,D:\MOX\NPCDIPLO.C,17,22
D:\MOX\OTHERS\MULTPLAY.C,L:\MOX\MOX2.C,17,22
D:\MOX\DIP-SCRN.C,D:\MOX\OTHERS\NETMOX.C,14,22
D:\MOX\OTHERS\CMBTSPEC.C,L:\MOX\ERICNET.C,14,22
D:\MOX\OTHERS\COLONY.C,D:\MOX\OTHERS\RUSS.C,5,22
D:\MOX\OTHERS\CMBTAI.C,D:\MOX\OTHERS\CMBTFIRE.C,18,21
D:\MOX\OTHERS\COLBLDG.C,D:\MOX\BILL.C,12,21
D:\MOX\OTHERS\COLCALC.C,D:\MOX\OTHERS\OFFICER.C,12,21
D:\MOX\OTHERS\COLONY.C,D:\MOX\OTHERS\ERICHELP.C,12,21
D:\MOX\OTHERS\COMBINIT.C,D:\MOX\OTHERS\COMBAT1.C,9,21
D:\MOX\OTHERS\COMBFIND.C,D:\MOX\OTHERS\RUSS.C,7,21
D:\MOX\OTHERS\DESIGN.C,D:\MOX\OTHERS\INITSHIP.C,20,20
D:\MOX\OTHERS\AIPOWER.C,D:\MOX\OTHERS\INITSHIP.C,19,20
D:\MOX\OTHERS\COMBAT.C,D:\MOX\OTHERS\INITSHIP.C,19,20
D:\MOX\OTHERS\CMBTAI.C,D:\MOX\OTHERS\CMBTFIR2.C,14,20
D:\MOX\OTHERS\CMBTSPEC.C,L:\MOX\MOX2.C,14,20
D:\MOX\OTHERS\MAINSCR2.C,D:\MOX\OTHERS\MOVEBOX.C,12,20
D:\MOX\OTHERS\NETSTART.C,D:\MOX\OTHERS\RUSS.C,10,20
D:\MOX\OTHERS\COLCALC.C,D:\MOX\EVENTS.C,19,19
D:\MOX\RACESCRN.C,D:\MOX\OTHERS\NETMOX.C,15,19
D:\MOX\OTHERS\COMBAT1.C,D:\MOX\OTHERS\COMBINIT.C,10,19
D:\MOX\OTHERS\SCORE.C,D:\MOX\OTHERS\MISC.C,10,19
D:\MOX\OTHERS\COLMOVE.C,D:\MOX\OTHERS\ERIC.C,4,19
D:\MOX\OTHERS\MAINSCR.C,D:\MOX\OTHERS\RUSS.C,4,19
D:\MOX\OTHERS\CMBTFIR2.C,D:\MOX\OTHERS\KEN.C,3,19
D:\MOX\OTHERS\CMBTFIR2.C,D:\MOX\OTHERS\COMBINIT.C,14,18
D:\MOX\OTHERS\COMBAT1.C,D:\MOX\OTHERS\CMBTFIRE.C,12,18
D:\MOX\OTHERS\FLEETPOP.C,D:\MOX\OTHERS\HAROLD.C,11,18
D:\MOX\OTHERS\LOADSAVE.C,L:\MOX\FILEDEF.C,16,17
D:\MOX\OTHERS\CMBTMOV1.C,D:\MOX\OTHERS\CMBTDRW1.C,15,17
D:\MOX\OTHERS\CMBTDRW1.C,L:\MOX\MOX2.C,11,17
D:\MOX\OTHERS\HOMEGEN.C,D:\MOX\OTHERS\HAROLD.C,11,17
D:\MOX\OTHERS\SCORE.C,D:\MOX\OTHERS\HAROLD.C,11,17
D:\MOX\OTHERS\RACEOPT.C,L:\MOX\MOX2.C,4,17
D:\MOX\OTHERS\CMBTDRW1.C,D:\MOX\OTHERS\RUSS.C,1,17
D:\MOX\OTHERS\CMBTDRW1.C,D:\MOX\OTHERS\COMBINIT.C,14,16
D:\MOX\OTHERS\COMBINIT.C,D:\MOX\OTHERS\CMBTFIR2.C,14,16
D:\MOX\OTHERS\NETSTART.C,D:\MOX\OTHERS\NETMOX.C,14,16
D:\MOX\OTHERS\COLREFIT.C,D:\MOX\OTHERS\COLONY.C,12,16
D:\MOX\OTHERS\BEAMS.C,D:\MOX\OTHERS\CMBTDRW1.C,11,16
D:\MOX\OTHERS\AIBUILD.C,D:\MOX\OTHERS\RUSS.C,7,16
D:\MOX\OTHERS\HOMEGEN.C,D:\MOX\OTHERS\RUSS.C,6,16
D:\MOX\TECH.C,D:\MOX\JIM.C,6,16
D:\MOX\OTHERS\NETSTART.C,L:\MOX\MOX2.C,5,16
D:\MOX\OTHERS\COLBOMB.C,D:\MOX\OTHERS\ESTRINGS.C,2,16
D:\MOX\OTHERS\FLT1.C,D:\MOX\OTHERS\FLT2.C,14,15
D:\MOX\OTHERS\MAINSCR2.C,D:\MOX\OTHERS\HACCESS.C,14,15
D:\MOX\OTHERS\CMBTFIRE.C,D:\MOX\OTHERS\CMBTMIS.C,13,15
D:\MOX\OTHERS\OFFICER.C,D:\MOX\OTHERS\COLCALC.C,13,15
D:\MOX\SCIENCE.C,D:\MOX\JIM.C,13,15
D:\MOX\DIP-SCRN.C,D:\MOX\OTHERS\ERIC.C,12,15
D:\MOX\RACESCRN.C,D:\MOX\BILL.C,11,15
D:\MOX\OTHERS\CMBTMOV1.C,D:\MOX\OTHERS\COMBINIT.C,9,15
D:\MOX\OTHERS\COMBINIT.C,D:\MOX\OTHERS\DESIGN.C,5,15
D:\MOX\OTHERS\CMBTAI.C,D:\MOX\OTHERS\CMBTMOV1.C,14,14
D:\MOX\OTHERS\FLT2.C,D:\MOX\OTHERS\HACCESS.C,14,14
D:\MOX\OTHERS\CMBTAI.C,D:\MOX\OTHERS\CMBTDRW1.C,13,14
D:\MOX\OTHERS\CMBTFIRE.C,D:\MOX\OTHERS\CMBTDRW1.C,12,14
D:\MOX\OTHERS\COMBFIND.C,D:\MOX\OTHERS\MAINSCR.C,11,14
D:\MOX\OTHERS\LOADSAVE.C,D:\MOX\OTHERS\MAINSCR.C,11,14
D:\MOX\NPCDIPLO.C,D:\MOX\OTHERS\COLCALC.C,8,14
D:\MOX\OTHERS\CMBTMIS.C,D:\MOX\OTHERS\COMBINIT.C,7,14
D:\MOX\OTHERS\COLBLDG.C,D:\MOX\OTHERS\COLCALC.C,7,14
D:\MOX\OTHERS\NETSTART.C,D:\MOX\OTHERS\GENDRAW.C,7,14
D:\MOX\OTHERS\COLGCBT.C,D:\MOX\OTHERS\ESTRINGS.C,6,14
D:\MOX\OTHERS\MAINSCR2.C,D:\MOX\OTHERS\HAROLD.C,5,14
D:\MOX\OTHERS\HOMEGEN.C,D:\MOX\OTHERS\MAPGEN.C,13,13
D:\MOX\OTHERS\COLLAND.C,D:\MOX\OTHERS\COLONY.C,12,13
D:\MOX\OTHERS\COMBFIND.C,D:\MOX\OTHERS\COLCALC.C,12,13
D:\MOX\OTHERS\DESIGN.C,D:\MOX\OTHERS\HACCESS.C,12,13
D:\MOX\OTHERS\OFFICER.C,D:\MOX\OTHERS\HACCESS.C,12,13
D:\MOX\OTHERS\PLNTSUM.C,D:\MOX\OTHERS\HACCESS.C,12,13
D:\MOX\OTHERS\INVASION.C,D:\MOX\OTHERS\COLCALC.C,11,13
D:\MOX\OTHERS\OFFICER.C,D:\MOX\OTHERS\MISC.C,11,13
D:\MOX\OTHERS\MAINPUPS.C,D:\MOX\OTHERS\HACCESS.C,9,13
D:\MOX\OTHERS\MAINPUPS.C,D:\MOX\OTHERS\MAINSCR.C,9,13
D:\MOX\OTHERS\COLSUM.C,D:\MOX\OTHERS\COLXPORT.C,8,13
D:\MOX\OTHERS\COMBFIND.C,D:\MOX\OTHERS\ERIC.C,8,13
L:\MOX\ERICNET.C,D:\MOX\OTHERS\COLBLDG.C,4,13
D:\MOX\OTHERS\COLONY.C,D:\MOX\OTHERS\COLDRAW.C,12,12
D:\MOX\OTHERS\AIDATA.C,D:\MOX\OTHERS\COLCALC.C,9,12
D:\MOX\OTHERS\CMBTFIRE.C,D:\MOX\OTHERS\CMBTSPEC.C,9,12
D:\MOX\OTHERS\TEXTBOX.C,D:\MOX\OTHERS\MISC.C,9,12
D:\MOX\OTHERS\COMBFIND.C,D:\MOX\OTHERS\MULTPLAY.C,8,12
D:\MOX\JIM.C,D:\MOX\OTHERS\RUSS.C,7,12
D:\MOX\OTHERS\BEAMS.C,D:\MOX\OTHERS\COMBINIT.C,7,12
D:\MOX\OTHERS\COLSUM.C,D:\MOX\OTHERS\ERIC.C,6,12
D:\MOX\EVENTS.C,D:\MOX\OTHERS\COLCALC.C,5,12
D:\MOX\OTHERS\MAPGEN.C,D:\MOX\OTHERS\GEO.C,5,12
D:\MOX\OTHERS\COMBFIND.C,D:\MOX\OTHERS\BOMB.C,4,12
D:\MOX\OTHERS\COLONY.C,D:\MOX\OTHERS\HAROLD.C,3,12
D:\MOX\OTHERS\MAINMENU.C,D:\MOX\OTHERS\RUSS.C,3,12
D:\MOX\OTHERS\COMBAT1.C,D:\MOX\OTHERS\CMBTSPEC.C,2,12
D:\MOX\OTHERS\COLONY.C,D:\MOX\OTHERS\COLMOVE.C,11,11
D:\MOX\TECH.C,D:\MOX\LIST.C,11,11
D:\MOX\OTHERS\CMBTFIR2.C,D:\MOX\OTHERS\CMBTFIRE.C,10,11
D:\MOX\OTHERS\CMBTMIS.C,D:\MOX\OTHERS\CMBTFIRE.C,10,11
D:\MOX\OTHERS\MAINPUPS.C,D:\MOX\OTHERS\ERICHELP.C,10,11
D:\MOX\OTHERS\OFFICER.C,D:\MOX\OTHERS\SYS.C,10,11
D:\MOX\OTHERS\CMBTFIR2.C,D:\MOX\OTHERS\OFFICER.C,9,11
D:\MOX\OTHERS\COLBOMB.C,D:\MOX\OTHERS\COLONY.C,8,11
D:\MOX\OTHERS\FLEETPOP.C,D:\MOX\OTHERS\MISC.C,8,11
D:\MOX\OTHERS\MAINSCR2.C,L:\MOX\MOX2.C,8,11
D:\MOX\OTHERS\COLCALC.C,D:\MOX\OTHERS\RUSS.C,7,11
D:\MOX\OTHERS\COMBFIND.C,D:\MOX\OTHERS\OFFICER.C,7,11
D:\MOX\COUNCIL.C,D:\MOX\DIPLOMAC.C,6,11
D:\MOX\OTHERS\PLNTSUM.C,D:\MOX\OTHERS\GENDRAW.C,6,11
D:\MOX\OTHERS\NEWGAME.C,D:\MOX\OTHERS\FAKEBUTS.C,5,11
D:\MOX\OTHERS\RACEOPT.C,D:\MOX\OTHERS\KEN.C,2,11
D:\MOX\OTHERS\CMBTDRW1.C,D:\MOX\OTHERS\COMBAT1.C,10,10
D:\MOX\OTHERS\CMBTMIS.C,D:\MOX\OTHERS\BEAMS.C,10,10
D:\MOX\INFO.C,L:\MOX\MOX2.C,9,10
D:\MOX\OTHERS\COMBAT.C,D:\MOX\OTHERS\CMBTFIR2.C,9,10
D:\MOX\OTHERS\DESBOX.C,D:\MOX\OTHERS\TEXTBOX.C,8,10
D:\MOX\OTHERS\OFFICER.C,D:\MOX\OTHERS\MAINSCR.C,8,10
D:\MOX\OTHERS\CMBTMIS.C,D:\MOX\OTHERS\CMBTDRW1.C,7,10
D:\MOX\OTHERS\CMBTDRW1.C,D:\MOX\OTHERS\CMBTMIS.C,6,10
D:\MOX\OTHERS\COMBINIT.C,D:\MOX\OTHERS\CMBTDRW1.C,6,10
D:\MOX\OTHERS\HOMEGEN.C,D:\MOX\OTHERS\MISC.C,5,10
D:\MOX\OTHERS\NETTURN.C,D:\MOX\OTHERS\MULTPLAY.C,5,10
D:\MOX\OTHERS\RACEOPT.C,D:\MOX\OTHERS\GENDRAW.C,3,10
D:\MOX\OTHERS\COMBAT1.C,D:\MOX\OTHERS\KEN.C,2,10
D:\MOX\OTHERS\DESIGN.C,D:\MOX\OTHERS\RUSS.C,2,10
D:\MOX\OTHERS\SCORE.C,D:\MOX\OTHERS\ESTRINGS.C,2,10
D:\MOX\DIP-SCRN.C,L:\MOX\MOX2.C,9,9
D:\MOX\OTHERS\CMBTAI.C,D:\MOX\OTHERS\COMBAT1.C,9,9
D:\MOX\OTHERS\CMBTMOV1.C,D:\MOX\OTHERS\CMBTMIS.C,9,9
D:\MOX\OTHERS\NETMOX.C,D:\MOX\OTHERS\COMBFIND.C,9,9
D:\MOX\TURNSUM.C,D:\MOX\LIST.C,9,9
D:\MOX\OTHERS\CMBTAI.C,D:\MOX\OTHERS\CMBTMIS.C,8,9
D:\MOX\OTHERS\MAINSCR.C,D:\MOX\OTHERS\ERIC.C,8,9
D:\MOX\OTHERS\NETTURN.C,D:\MOX\OTHERS\NETMOX.C,8,9
L:\MOX\FILEDEF.C,D:\MOX\OTHERS\HAROLD.C,8,9
D:\MOX\OTHERS\MAINSCR.C,D:\MOX\OTHERS\SYS.C,6,9
D:\MOX\TECH.C,L:\MOX\MOX2.C,6,9
D:\MOX\OTHERS\MAINSCR.C,D:\MOX\OTHERS\EVANHELP.C,5,9
D:\MOX\OTHERS\TEXTBOX.C,D:\MOX\FMTPARA.C,5,9
D:\MOX\OTHERS\CMBTDRW1.C,D:\MOX\OTHERS\CMBTFIR2.C,4,9
D:\MOX\OTHERS\COMBAT1.C,D:\MOX\OTHERS\GENDRAW.C,3,9
D:\MOX\OTHERS\NEWPUP.C,D:\MOX\OTHERS\ESTRINGS.C,3,9
D:\MOX\OTHERS\RACESEL.C,L:\MOX\MOX2.C,3,9
D:\MOX\OTHERS\AIDESIGN.C,D:\MOX\OTHERS\INITSHIP.C,8,8
D:\MOX\OTHERS\CMBTFIRE.C,D:\MOX\OTHERS\CMBTAI.C,8,8
D:\MOX\OTHERS\CMBTSPEC.C,D:\MOX\OTHERS\BEAMS.C,8,8
D:\MOX\OTHERS\COLCALC.C,D:\MOX\OTHERS\SHIPMOVE.C,8,8
D:\MOX\OTHERS\COLONY.C,D:\MOX\OTHERS\COLBCACH.C,8,8
D:\MOX\OTHERS\COLONY.C,D:\MOX\OTHERS\COLBLDG.C,8,8
D:\MOX\OTHERS\COLREFIT.C,L:\MOX\MOX2.C,8,8
D:\MOX\OTHERS\COMBAT1.C,D:\MOX\OTHERS\CMBTMIS.C,8,8
D:\MOX\OTHERS\DESBOX.C,D:\MOX\OTHERS\SCROLL.C,8,8
D:\MOX\OTHERS\ERIC.C,L:\MOX\MOX2.C,8,8
D:\MOX\OTHERS\PLNTSUM.C,D:\MOX\OTHERS\SHIPMOVE.C,8,8
D:\MOX\DIPLOMAC.C,D:\MOX\NPCDIPLO.C,7,8
D:\MOX\INFO.C,D:\MOX\BILL.C,7,8
D:\MOX\OTHERS\CMBTDRW1.C,D:\MOX\OTHERS\CMBTFIRE.C,7,8
D:\MOX\OTHERS\LOADSAVE.C,L:\MOX\MOX2.C,7,8
D:\MOX\OTHERS\MOVEBOX.C,D:\MOX\OTHERS\HAROLD.C,7,8
D:\MOX\OTHERS\MULTPLAY.C,D:\MOX\OTHERS\GENDRAW.C,7,8
D:\MOX\OTHERS\PLNTSUM.C,D:\MOX\OTHERS\MOVEBOX.C,7,8
L:\MOX\NEXTTURN.C,D:\MOX\OTHERS\COLCALC.C,7,8
D:\MOX\NPCDIPLO.C,D:\MOX\OTHERS\NEWTECH.C,6,8
D:\MOX\OTHERS\COLONY.C,D:\MOX\OTHERS\FAKEBUTS.C,6,8
D:\MOX\OTHERS\FLT1.C,D:\MOX\OTHERS\MOVEBOX.C,6,8
D:\MOX\OTHERS\LOADSAVE.C,D:\MOX\OTHERS\MISC.C,6,8
D:\MOX\EVENTS.C,D:\MOX\JIM.C,5,8
D:\MOX\OTHERS\COMBFIND.C,D:\MOX\OTHERS\COMBAT.C,5,8
D:\MOX\TECH.C,D:\MOX\BILL.C,5,8
D:\MOX\OTHERS\COLONY.C,D:\MOX\OTHERS\HACCESS.C,4,8
D:\MOX\OTHERS\REPORT.C,D:\MOX\OTHERS\NAMESTAR.C,4,8
D:\MOX\OTHERS\COLSUM.C,D:\MOX\OTHERS\COLBLDG.C,3,8
D:\MOX\OTHERS\COLLAND.C,D:\MOX\OTHERS\ESTRINGS.C,2,8
D:\MOX\OTHERS\COLXPORT.C,D:\MOX\OTHERS\ESTRINGS.C,2,8
D:\MOX\RACERPRT.C,D:\MOX\JIM.C,2,8
D:\MOX\OTHERS\CMBTFIR2.C,D:\MOX\FMTPARA.C,1,8
D:\MOX\RACERPRT.C,D:\MOX\OTHERS\RUSS.C,1,8
D:\MOX\DIPLOMAC.C,D:\MOX\OTHERS\COLCALC.C,7,7
D:\MOX\INFO.C,D:\MOX\BILLHELP.C,7,7
D:\MOX\OTHERS\AILEADER.C,D:\MOX\OTHERS\OFFICER.C,7,7
D:\MOX\OTHERS\CMBTSPEC.C,D:\MOX\OTHERS\CMBTMIS.C,7,7
D:\MOX\OTHERS\INITSHIP.C,D:\MOX\OTHERS\DESIGN.C,7,7
D:\MOX\OTHERS\OFFICER.C,D:\MOX\OTHERS\FLT2.C,7,7
D:\MOX\OTHERS\SHIPMOVE.C,D:\MOX\OTHERS\GEO.C,7,7
L:\MOX\INITGAME.C,D:\MOX\OTHERS\MAPGEN.C,7,7
L:\MOX\MOX2.C,D:\MOX\OTHERS\MAINSCR2.C,7,7
D:\MOX\INFO.C,D:\MOX\FMTPARA.C,6,7
D:\MOX\OTHERS\COLCALC.C,D:\MOX\OTHERS\COLBLDG.C,6,7
D:\MOX\OTHERS\DESIGN.C,D:\MOX\OTHERS\DESBOX.C,6,7
D:\MOX\OTHERS\ERIC.C,D:\MOX\SMACK.C,6,7
D:\MOX\OTHERS\FLT1.C,D:\MOX\OTHERS\SHIPS.C,6,7
D:\MOX\OTHERS\MULTPLAY.C,L:\MOX\FILEDEF.C,6,7
D:\MOX\OTHERS\SYS.C,D:\MOX\OTHERS\HACCESS.C,6,7
D:\MOX\OTHERS\COMBAT1.C,D:\MOX\OTHERS\CMBTAI.C,5,7
D:\MOX\OTHERS\ERIC.C,D:\MOX\OTHERS\ESTRINGS.C,5,7
D:\MOX\OTHERS\GENDRAW.C,L:\MOX\MOX2.C,5,7
D:\MOX\OTHERS\MISC.C,D:\MOX\OTHERS\RUSS.C,5,7
D:\MOX\COUNCIL.C,D:\MOX\OTHERS\ERIC.C,4,7
D:\MOX\COUNCIL.C,D:\MOX\OTHERS\RUSS.C,4,7
D:\MOX\OTHERS\COLCALC.C,D:\MOX\OTHERS\MSG.C,4,7
D:\MOX\OTHERS\COMBFIND.C,D:\MOX\OTHERS\INVASION.C,4,7
D:\MOX\OTHERS\DESBOX.C,L:\MOX\MOX2.C,4,7
D:\MOX\OTHERS\MAINSCR2.C,D:\MOX\OTHERS\MISC.C,4,7
D:\MOX\OTHERS\MAPGEN.C,D:\MOX\OTHERS\MISC.C,4,7
D:\MOX\OTHERS\PLNTSUM.C,D:\MOX\OTHERS\RUSS.C,4,7
L:\MOX\MOX2.C,D:\MOX\OTHERS\RUSS.C,4,7
D:\MOX\OTHERS\CMBTSPEC.C,D:\MOX\OTHERS\ESTRINGS.C,3,7
D:\MOX\OTHERS\COMBINIT.C,D:\MOX\OTHERS\OFFICER.C,3,7
D:\MOX\OTHERS\RACESEL.C,D:\MOX\OTHERS\NETSTART.C,3,7
D:\MOX\SCIENCE.C,L:\MOX\MOX2.C,3,7
D:\MOX\OTHERS\OFFICER.C,D:\MOX\OTHERS\RUSS.C,2,7
D:\MOX\OTHERS\RACEOPT.C,D:\MOX\OTHERS\RUSS.C,2,7
L:\MOX\LOADER.C,D:\MOX\OTHERS\RUSS.C,2,7
D:\MOX\OTHERS\NEWGAME.C,D:\MOX\OTHERS\RUSS.C,1,7
D:\MOX\EVENTS.C,D:\MOX\OTHERS\ERIC.C,6,6
D:\MOX\OTHERS\COLSUM.C,D:\MOX\OTHERS\COLDRAW.C,6,6
D:\MOX\OTHERS\COLSUM.C,D:\MOX\OTHERS\COLMOVE.C,6,6
D:\MOX\OTHERS\COMBFIND.C,D:\MOX\OTHERS\MAINPUPS.C,6,6
D:\MOX\OTHERS\COMBINIT.C,D:\MOX\OTHERS\CMBTMOV1.C,6,6
D:\MOX\OTHERS\MAINPUPS.C,D:\MOX\OTHERS\SYS.C,6,6
D:\MOX\OTHERS\OFFICER.C,D:\MOX\OTHERS\FLT1.C,6,6
D:\MOX\OTHERS\SHIPS.C,D:\MOX\OTHERS\INITSHIP.C,6,6
D:\MOX\TECH.C,D:\MOX\BILLHELP.C,6,6
L:\MOX\ERICNET.C,D:\MOX\OTHERS\COLCALC.C,6,6
L:\MOX\INITGAME.C,D:\MOX\OTHERS\HAROLD.C,6,6
L:\MOX\MOX2.C,L:\MOX\FILEDEF.C,6,6
D:\MOX\OTHERS\COLCALC.C,D:\MOX\BILL.C,5,6
D:\MOX\OTHERS\COLREFIT.C,D:\MOX\OTHERS\COLBLDG.C,5,6
D:\MOX\OTHERS\COLSUM.C,D:\MOX\OTHERS\FAKEBUTS.C,5,6
D:\MOX\OTHERS\FLT1.C,D:\MOX\OTHERS\SCROLL.C,5,6
D:\MOX\OTHERS\MAINPUPS.C,D:\MOX\OTHERS\COLCALC.C,5,6
D:\MOX\OTHERS\MAINSCR.C,D:\MOX\OTHERS\COLCALC.C,5,6
D:\MOX\OTHERS\MAINSCR.C,D:\MOX\OTHERS\NETMOX.C,5,6
D:\MOX\OTHERS\MULTPLAY.C,D:\MOX\OTHERS\MAINSCR.C,5,6
D:\MOX\OTHERS\OFFICER.C,D:\MOX\OTHERS\SCROLL.C,5,6
D:\MOX\OTHERS\RACESEL.C,D:\MOX\OTHERS\KEN.C,5,6
D:\MOX\OTHERS\TEXTBOX.C,L:\MOX\MOX2.C,5,6
D:\MOX\RACERPRT.C,D:\MOX\BILL.C,5,6
D:\MOX\DIP-SCRN.C,D:\MOX\TECH.C,4,6
D:\MOX\OTHERS\AIMOVE.C,D:\MOX\OTHERS\AIPOWER.C,4,6
D:\MOX\OTHERS\CMBTDRW1.C,D:\MOX\OTHERS\CMBTMOV1.C,4,6
D:\MOX\OTHERS\COMBFIND.C,D:\MOX\OTHERS\AIPOWER.C,4,6
D:\MOX\OTHERS\COMBFIND.C,D:\MOX\OTHERS\SHIPS.C,4,6
D:\MOX\OTHERS\COMBINIT.C,D:\MOX\OTHERS\NETMOX.C,4,6
D:\MOX\OTHERS\MAINMENU.C,L:\MOX\MOX2.C,4,6
D:\MOX\OTHERS\REPORT.C,D:\MOX\OTHERS\HACCESS.C,4,6
D:\MOX\SMACK.C,D:\MOX\OTHERS\ERIC.C,4,6
D:\MOX\ANTAROOM.C,D:\MOX\OTHERS\ERIC.C,3,6
D:\MOX\DIPLOMAC.C,D:\MOX\OTHERS\AIMOVE.C,3,6
D:\MOX\DIPLOMAC.C,D:\MOX\OTHERS\AITECH.C,3,6
D:\MOX\OTHERS\AIBUILD.C,D:\MOX\OTHERS\COLBLDG.C,3,6
D:\MOX\OTHERS\CMBTMIS.C,D:\MOX\OTHERS\INITSHIP.C,3,6
D:\MOX\OTHERS\COLBOMB.C,D:\MOX\OTHERS\HACCESS.C,3,6
D:\MOX\OTHERS\COLDRAW.C,D:\MOX\OTHERS\ESTRINGS.C,3,6
D:\MOX\OTHERS\PLNTSUM.C,D:\MOX\OTHERS\MISC.C,3,6
D:\MOX\RACESCRN.C,L:\MOX\MOX2.C,3,6
D:\MOX\OTHERS\ADVCIV.C,D:\MOX\OTHERS\RUSS.C,2,6
D:\MOX\OTHERS\INVASION.C,L:\MOX\ERICNET.C,2,6
D:\MOX\OTHERS\RACESEL.C,D:\MOX\OTHERS\RUSS.C,2,6
D:\MOX\OTHERS\SPY.C,D:\MOX\OTHERS\OFFICER.C,2,6
D:\MOX\OTHERS\COMBAT.C,D:\MOX\OTHERS\KEN.C,1,6
D:\MOX\INFO.C,D:\MOX\OTHERS\MSG.C,5,5
D:\MOX\OTHERS\AIDUDES.C,D:\MOX\OTHERS\AIBUILD.C,5,5
D:\MOX\OTHERS\BEAMS.C,L:\MOX\MOX2.C,5,5
D:\MOX\OTHERS\CMBTDRW1.C,D:\MOX\OTHERS\CMBTSPEC.C,5,5
D:\MOX\OTHERS\CMBTMIS.C,D:\MOX\OTHERS\CMBTFIR2.C,5,5
D:\MOX\OTHERS\CMBTSPEC.C,D:\MOX\OTHERS\CMBTFIRE.C,5,5
D:\MOX\OTHERS\COLBLDG.C,D:\MOX\OTHERS\COLDRAW.C,5,5
D:\MOX\OTHERS\COLCALC.C,D:\MOX\OTHERS\INVASION.C,5,5
D:\MOX\OTHERS\COLONY.C,D:\MOX\OTHERS\COLSYSDI.C,5,5
D:\MOX\OTHERS\COLSUM.C,D:\MOX\OTHERS\ERICHELP.C,5,5
D:\MOX\OTHERS\COMBFIND.C,D:\MOX\OTHERS\SHIPMOVE.C,5,5
D:\MOX\OTHERS\COMBINIT.C,D:\MOX\OTHERS\CMBTFIRE.C,5,5
D:\MOX\OTHERS\FLT2.C,D:\MOX\OTHERS\MISC.C,5,5
D:\MOX\OTHERS\GENDRAW.C,D:\MOX\FMTPARA.C,5,5
D:\MOX\OTHERS\HACCESS.C,D:\MOX\OTHERS\HAROLD.C,5,5
D:\MOX\OTHERS\MAINSCR2.C,D:\MOX\OTHERS\SHIPS.C,5,5
D:\MOX\OTHERS\MAINSCR2.C,D:\MOX\OTHERS\SYS.C,5,5
D:\MOX\OTHERS\MAINTAIN.C,D:\MOX\OTHERS\COLCALC.C,5,5
D:\MOX\OTHERS\MISC.C,D:\MOX\OTHERS\ERIC.C,5,5
D:\MOX\OTHERS\MSG.C,D:\MOX\EVENTS.C,5,5
D:\MOX\OTHERS\MULTPLAY.C,D:\MOX\OTHERS\RUSS.C,5,5
D:\MOX\OTHERS\NAMESTAR.C,D:\MOX\OTHERS\MISC.C,5,5
D:\MOX\OTHERS\NETSTART.C,L:\MOX\INITGAME.C,5,5
D:\MOX\OTHERS\NEWPUP.C,D:\MOX\OTHERS\COLONY.C,5,5
D:\MOX\OTHERS\OFFICER.C,L:\MOX\MOX2.C,5,5
D:\MOX\OTHERS\REPORT.C,D:\MOX\OTHERS\MOVEBOX.C,5,5
D:\MOX\OTHERS\SHIPS.C,D:\MOX\OTHERS\SHIPMOVE.C,5,5
L:\MOX\INITGAME.C,D:\MOX\OTHERS\HOMEGEN.C,5,5
L:\MOX\MOX2.C,D:\MOX\OTHERS\HAROLD.C,5,5
L:\MOX\NEXTTURN.C,D:\MOX\DIPLOMAC.C,5,5
D:\MOX\OTHERS\BEAMS.C,L:\MOX\ERICNET.C,4,5
D:\MOX\OTHERS\CMBTFIR2.C,D:\MOX\OTHERS\CMBTAI.C,4,5
D:\MOX\OTHERS\COLGCBT.C,D:\MOX\OTHERS\FLCQUEUE.C,4,5
D:\MOX\OTHERS\COLSUM.C,D:\MOX\OTHERS\MOVEBOX.C,4,5
D:\MOX\OTHERS\COLXPORT.C,L:\MOX\MOX2.C,4,5
D:\MOX\OTHERS\COMBFIND.C,D:\MOX\OTHERS\GENDRAW.C,4,5
D:\MOX\OTHERS\DESBOX.C,D:\MOX\OTHERS\EVANHELP.C,4,5
D:\MOX\OTHERS\DESBOX.C,D:\MOX\OTHERS\GENDRAW.C,4,5
D:\MOX\OTHERS\DESIGN.C,D:\MOX\OTHERS\EVANHELP.C,4,5
D:\MOX\OTHERS\NETSTART.C,D:\MOX\OTHERS\MISC.C,4,5
D:\MOX\OTHERS\NEWPUP.C,L:\MOX\MOX2.C,4,5
D:\MOX\OTHERS\REPORT.C,D:\MOX\OTHERS\MAINPUPS.C,4,5
D:\MOX\SCIENCE.C,D:\MOX\BILL.C,4,5
L:\MOX\NEXTTURN.C,D:\MOX\OTHERS\ERIC.C,4,5
D:\MOX\OTHERS\AIPOWER.C,D:\MOX\OTHERS\DESIGN.C,3,5
D:\MOX\OTHERS\CMBTAI.C,D:\MOX\OTHERS\RUSS.C,3,5
D:\MOX\OTHERS\CMBTFIRE.C,D:\MOX\OTHERS\CMBTFIR2.C,3,5
D:\MOX\OTHERS\COLBLDG.C,D:\MOX\OTHERS\GENDRAW.C,3,5
D:\MOX\OTHERS\COLCALC.C,D:\MOX\OTHERS\DESIGN.C,3,5
D:\MOX\OTHERS\COLSYSDI.C,D:\MOX\OTHERS\ERIC.C,3,5
D:\MOX\OTHERS\DESIGN.C,D:\MOX\JIM.C,3,5
D:\MOX\OTHERS\INITSHIP.C,D:\MOX\OTHERS\AIDESIGN.C,3,5
D:\MOX\OTHERS\MAINPUPS.C,D:\MOX\OTHERS\FLCQUEUE.C,3,5
D:\MOX\RACESCRN.C,D:\MOX\OTHERS\ERIC.C,3,5
D:\MOX\OTHERS\COMBAT.C,D:\MOX\OTHERS\OFFICER.C,2,5
D:\MOX\OTHERS\COMBAT.C,L:\MOX\ERICNET.C,2,5
D:\MOX\OTHERS\LOADSAVE.C,D:\MOX\OTHERS\RUSS.C,1,5
D:\MOX\COUNCIL.C,D:\MOX\BILL.C,4,4
D:\MOX\COUNCIL.C,L:\MOX\MOX2.C,4,4
D:\MOX\DIP-SCRN.C,D:\MOX\OTHERS\MSG.C,4,4
D:\MOX\EVENTS.C,D:\MOX\OTHERS\BOMB.C,4,4
D:\MOX\INFO.C,D:\MOX\OTHERS\TEXTBOX.C,4,4
D:\MOX\OTHERS\AIDATA.C,D:\MOX\OTHERS\SHIPMOVE.C,4,4
D:\MOX\OTHERS\AIDUDES.C,D:\MOX\EVENTS.C,4,4
D:\MOX\OTHERS\AIMOVE.C,D:\MOX\EVENTS.C,4,4
D:\MOX\OTHERS\CMBTDRW1.C,D:\MOX\OTHERS\BEAMS.C,4,4
D:\MOX\OTHERS\CMBTDRW1.C,D:\MOX\OTHERS\INITSHIP.C,4,4
D:\MOX\OTHERS\CMBTFIR2.C,D:\MOX\OTHERS\COMBAT1.C,4,4
D:\MOX\OTHERS\CMBTFIR2.C,D:\MOX\OTHERS\TEXTBOX.C,4,4
D:\MOX\OTHERS\CMBTMIS.C,D:\MOX\OTHERS\CMBTMOV1.C,4,4
D:\MOX\OTHERS\CMBTMOV1.C,D:\MOX\OTHERS\CMBTAI.C,4,4
D:\MOX\OTHERS\CMBTMOV1.C,D:\MOX\OTHERS\CMBTFIR2.C,4,4
D:\MOX\OTHERS\CMBTMOV1.C,D:\MOX\OTHERS\CMBTSPEC.C,4,4
D:\MOX\OTHERS\CMBTMOV1.C,L:\MOX\MOX2.C,4,4
D:\MOX\OTHERS\CMBTSPEC.C,D:\MOX\OTHERS\COMBAT1.C,4,4
D:\MOX\OTHERS\COLBLDG.C,D:\MOX\OTHERS\INITSHIP.C,4,4
D:\MOX\OTHERS\COLREFIT.C,D:\MOX\BILL.C,4,4
D:\MOX\OTHERS\COLXPORT.C,D:\MOX\OTHERS\COLSUM.C,4,4
D:\MOX\OTHERS\ERIC.C,D:\MOX\BILL.C,4,4
D:\MOX\OTHERS\FLEETPOP.C,D:\MOX\OTHERS\MAINSCR.C,4,4
D:\MOX\OTHERS\FLT2.C,D:\MOX\OTHERS\OFFICER.C,4,4
D:\MOX\OTHERS\INITSHIP.C,D:\MOX\OTHERS\CMBTFIR2.C,4,4
D:\MOX\OTHERS\LOADSAVE.C,D:\MOX\OTHERS\EVANHELP.C,4,4
D:\MOX\OTHERS\MAINPUPS.C,D:\MOX\BILL.C,4,4
D:\MOX\OTHERS\MAINPUPS.C,D:\MOX\OTHERS\NAMESTAR.C,4,4
D:\MOX\OTHERS\MAINSCR2.C,D:\MOX\OTHERS\MAINPUPS.C,4,4
D:\MOX\OTHERS\MISC.C,D:\MOX\OTHERS\ASSERT.C,4,4
D:\MOX\OTHERS\NETMOX.C,D:\MOX\OTHERS\MULTPLAY.C,4,4
D:\MOX\OTHERS\OFFICER.C,D:\MOX\OTHERS\ERIC.C,4,4
D:\MOX\OTHERS\PLNTSUM.C,D:\MOX\OTHERS\SCROLL.C,4,4
D:\MOX\OTHERS\REPORT.C,D:\MOX\EVENTS.C,4,4
D:\MOX\OTHERS\SPY.C,D:\MOX\OTHERS\COLCALC.C,4,4
D:\MOX\SCIENCE.C,D:\MOX\OTHERS\COLONY.C,4,4
L:\MOX\ERICNET.C,D:\MOX\OTHERS\INVASION.C,4,4
L:\MOX\INITGAME.C,D:\MOX\BILL.C,4,4
L:\MOX\NEXTTURN.C,D:\MOX\OTHERS\OFFICER.C,4,4
D:\MOX\OTHERS\AIBUILD.C,D:\MOX\OTHERS\INITSHIP.C,3,4
D:\MOX\OTHERS\AIDATA.C,D:\MOX\OTHERS\GEO.C,3,4
D:\MOX\OTHERS\AIDUDES.C,D:\MOX\OTHERS\RUSS.C,3,4
D:\MOX\OTHERS\AIMOVE.C,D:\MOX\OTHERS\AIDATA.C,3,4
D:\MOX\OTHERS\CMBTDRW1.C,D:\MOX\BILL.C,3,4
D:\MOX\OTHERS\COLGCBT.C,L:\MOX\MOX2.C,3,4
D:\MOX\OTHERS\COLLAND.C,D:\MOX\OTHERS\ERIC.C,3,4
D:\MOX\OTHERS\COLSUM.C,L:\MOX\MOX2.C,3,4
D:\MOX\OTHERS\COMBINIT.C,D:\MOX\OTHERS\ERIC.C,3,4
D:\MOX\OTHERS\DESIGN.C,D:\MOX\OTHERS\KEN.C,3,4
D:\MOX\OTHERS\GENDRAW.C,D:\MOX\OTHERS\TEXTBOX.C,3,4
D:\MOX\OTHERS\HOMEGEN.C,D:\MOX\OTHERS\GEO.C,3,4
D:\MOX\OTHERS\MAINSCR2.C,D:\MOX\OTHERS\REPORT.C,3,4
D:\MOX\OTHERS\NETTURN.C,D:\MOX\OTHERS\NETSTART.C,3,4
D:\MOX\OTHERS\OFFICER.C,D:\MOX\OTHERS\TEXTBOX.C,3,4
D:\MOX\OTHERS\SCORE.C,L:\MOX\MOX2.C,3,4
D:\MOX\OTHERS\SETTLER.C,D:\MOX\EVENTS.C,3,4
D:\MOX\OTHERS\SHIPMOVE.C,D:\MOX\OTHERS\OFFICER.C,3,4
D:\MOX\OTHERS\SYS.C,D:\MOX\OTHERS\COLCALC.C,3,4
D:\MOX\SCIENCE.C,D:\MOX\FMTPARA.C,3,4
D:\MOX\SCIENCE.C,D:\MOX\OTHERS\ERIC.C,3,4
D:\MOX\TURNSUM.C,L:\MOX\MOX2.C,3,4
L:\MOX\INITGAME.C,D:\MOX\OTHERS\KEN.C,3,4
D:\MOX\OTHERS\COLDRAW.C,D:\MOX\OTHERS\HAROLD.C,2,4
D:\MOX\OTHERS\COLSUM.C,D:\MOX\OTHERS\HACCESS.C,2,4
D:\MOX\OTHERS\COMBAT.C,D:\MOX\OTHERS\NETMOX.C,2,4
D:\MOX\OTHERS\COMBFIND.C,D:\MOX\OTHERS\COMBINIT.C,2,4
D:\MOX\OTHERS\CONTACT.C,D:\MOX\OTHERS\SHIPMOVE.C,2,4
D:\MOX\OTHERS\HAROLD.C,D:\MOX\OTHERS\RUSS.C,2,4
D:\MOX\OTHERS\HOMEGEN.C,L:\MOX\MOX2.C,2,4
D:\MOX\OTHERS\INVASION.C,D:\MOX\OTHERS\OFFICER.C,2,4
D:\MOX\OTHERS\NETMOX.C,D:\MOX\OTHERS\SHIPS.C,2,4
D:\MOX\OTHERS\REPORT.C,D:\MOX\OTHERS\GENDRAW.C,2,4
D:\MOX\OTHERS\REPORT.C,D:\MOX\OTHERS\SHIPS.C,2,4
D:\MOX\OTHERS\SPY.C,D:\MOX\OTHERS\MSG.C,2,4
D:\MOX\OTHERS\SPY.C,D:\MOX\OTHERS\REPORT.C,2,4
D:\MOX\OTHERS\COLLAND.C,L:\MOX\ERICNET.C,1,4
D:\MOX\OTHERS\COLREFIT.C,D:\MOX\OTHERS\TEXTBOX.C,1,4
D:\MOX\OTHERS\HOTPOP.C,D:\MOX\OTHERS\HAROLD.C,1,4
D:\MOX\OTHERS\OCPOLPUP.C,D:\MOX\OTHERS\HAROLD.C,1,4
D:\MOX\OTHERS\SYS.C,D:\MOX\OTHERS\RUSS.C,1,4
D:\MOX\ANTAROOM.C,D:\MOX\JIM.C,3,3
D:\MOX\ANTAROOM.C,L:\MOX\MOX2.C,3,3
D:\MOX\COUNCIL.C,D:\MOX\OTHERS\COLCALC.C,3,3
D:\MOX\EVENTS.C,D:\MOX\OTHERS\KEN.C,3,3
D:\MOX\EVENTS.C,L:\MOX\MOX2.C,3,3
D:\MOX\INFO.C,D:\MOX\OTHERS\ERIC.C,3,3
D:\MOX\LIST.C,D:\MOX\BILL.C,3,3
D:\MOX\OTHERS\ADVCIV.C,L:\MOX\ERICNET.C,3,3
D:\MOX\OTHERS\AIBOMB.C,D:\MOX\OTHERS\INVASION.C,3,3
D:\MOX\OTHERS\AIDATA.C,D:\MOX\OTHERS\AIPOWER.C,3,3
D:\MOX\OTHERS\ANTARANS.C,D:\MOX\OTHERS\SHIPMOVE.C,3,3
D:\MOX\OTHERS\BEAMS.C,D:\MOX\OTHERS\FIREPTS.C,3,3
D:\MOX\OTHERS\CMBTAI.C,D:\MOX\OTHERS\INITSHIP.C,3,3
D:\MOX\OTHERS\CMBTFIR2.C,D:\MOX\OTHERS\CMBTDRW1.C,3,3
D:\MOX\OTHERS\CMBTFIR2.C,D:\MOX\OTHERS\INVASION.C,3,3
D:\MOX\OTHERS\COLCALC.C,D:\MOX\OTHERS\INITSHIP.C,3,3
D:\MOX\OTHERS\COLDRAW.C,D:\MOX\OTHERS\ERIC.C,3,3
D:\MOX\OTHERS\COLGCBT.C,D:\MOX\OTHERS\ERIC.C,3,3
D:\MOX\OTHERS\COLGCBT.C,L:\MOX\ERICNET.C,3,3
D:\MOX\OTHERS\COLLAND.C,D:\MOX\OTHERS\NAMESTAR.C,3,3
D:\MOX\OTHERS\COLLAND.C,L:\MOX\MOX2.C,3,3
D:\MOX\OTHERS\COLONY.C,D:\MOX\BILL.C,3,3
D:\MOX\OTHERS\COLONY.C,D:\MOX\OTHERS\ASSERT.C,3,3
D:\MOX\OTHERS\COLONY.C,D:\MOX\OTHERS\COLXPORT.C,3,3
D:\MOX\OTHERS\COLONY.C,D:\MOX\OTHERS\GENDRAW.C,3,3
D:\MOX\OTHERS\COLONY.C,D:\MOX\OTHERS\KEN.C,3,3
D:\MOX\OTHERS\COLONY.C,D:\MOX\OTHERS\MAINSCR.C,3,3
D:\MOX\OTHERS\COLONY.C,D:\MOX\OTHERS\MOVEBOX.C,3,3
D:\MOX\OTHERS\COLONY.C,L:\MOX\ERICNET.C,3,3
D:\MOX\OTHERS\COLONY.C,L:\MOX\MOX2.C,3,3
D:\MOX\OTHERS\COLREFIT.C,D:\MOX\OTHERS\ERIC.C,3,3
D:\MOX\OTHERS\COLSUM.C,D:\MOX\BILL.C,3,3
D:\MOX\OTHERS\COLXPORT.C,D:\MOX\OTHERS\COLONY.C,3,3
D:\MOX\OTHERS\COMBAT.C,D:\MOX\OTHERS\AIPOWER.C,3,3
D:\MOX\OTHERS\COMBAT.C,D:\MOX\OTHERS\COMBINIT.C,3,3
D:\MOX\OTHERS\COMBAT1.C,D:\MOX\OTHERS\NETMOX.C,3,3
D:\MOX\OTHERS\COMBFIND.C,L:\MOX\MOX2.C,3,3
D:\MOX\OTHERS\COMBINIT.C,D:\MOX\OTHERS\BEAMS.C,3,3
D:\MOX\OTHERS\COMBINIT.C,D:\MOX\OTHERS\MAINSCR.C,3,3
D:\MOX\OTHERS\COMBINIT.C,L:\MOX\MOX2.C,3,3
D:\MOX\OTHERS\FLEETPOP.C,D:\MOX\OTHERS\KEN.C,3,3
D:\MOX\OTHERS\FLEETPOP.C,D:\MOX\OTHERS\SCROLL.C,3,3
D:\MOX\OTHERS\FLT1.C,D:\MOX\OTHERS\OFFICER.C,3,3
D:\MOX\OTHERS\FLT2.C,D:\MOX\OTHERS\ERIC.C,3,3
D:\MOX\OTHERS\FLT2.C,D:\MOX\OTHERS\SHIPMOVE.C,3,3
D:\MOX\OTHERS\HACCESS.C,D:\MOX\OTHERS\MOVEBOX.C,3,3
D:\MOX\OTHERS\HAROLD.C,D:\MOX\OTHERS\GENDRAW.C,3,3
D:\MOX\OTHERS\INITSHIP.C,D:\MOX\OTHERS\COLCALC.C,3,3
D:\MOX\OTHERS\INVASION.C,D:\MOX\OTHERS\AITECH.C,3,3
D:\MOX\OTHERS\INVASION.C,D:\MOX\OTHERS\RUSS.C,3,3
D:\MOX\OTHERS\INVASION.C,D:\MOX\OTHERS\SHIPS.C,3,3
D:\MOX\OTHERS\LOADSAVE.C,D:\MOX\OTHERS\GENDRAW.C,3,3
D:\MOX\OTHERS\MAINMENU.C,D:\MOX\OTHERS\HAROLD.C,3,3
D:\MOX\OTHERS\MAINSCR.C,D:\MOX\OTHERS\NAMESTAR.C,3,3
D:\MOX\OTHERS\MAINSCR.C,D:\MOX\OTHERS\SHIPMOVE.C,3,3
D:\MOX\OTHERS\MAINSCR2.C,D:\MOX\OTHERS\KEN.C,3,3
D:\MOX\OTHERS\MAINTAIN.C,D:\MOX\OTHERS\MSG.C,3,3
D:\MOX\OTHERS\MAINTAIN.C,D:\MOX\OTHERS\OFFICER.C,3,3
D:\MOX\OTHERS\MISC.C,L:\MOX\MOX2.C,3,3
D:\MOX\OTHERS\MOVEBOX.C,D:\MOX\OTHERS\FLEETPOP.C,3,3
D:\MOX\OTHERS\MOVEBOX.C,D:\MOX\OTHERS\HACCESS.C,3,3
D:\MOX\OTHERS\MOVEBOX.C,D:\MOX\OTHERS\MISC.C,3,3
D:\MOX\OTHERS\MOVEBOX.C,D:\MOX\OTHERS\SYS.C,3,3
D:\MOX\OTHERS\MULTPLAY.C,D:\MOX\OTHERS\ERIC.C,3,3
D:\MOX\OTHERS\MULTPLAY.C,D:\MOX\OTHERS\LOADSAVE.C,3,3
D:\MOX\OTHERS\MULTPLAY.C,D:\MOX\OTHERS\NAMESTAR.C,3,3
D:\MOX\OTHERS\NAMESTAR.C,D:\MOX\OTHERS\EVANHELP.C,3,3
D:\MOX\OTHERS\NETMOX.C,D:\MOX\DIPLOMAC.C,3,3
D:\MOX\OTHERS\NETSTART.C,D:\MOX\OTHERS\HAROLD.C,3,3
D:\MOX\OTHERS\NETSTART.C,D:\MOX\OTHERS\MAINSCR.C,3,3
D:\MOX\OTHERS\NETSTART.C,D:\MOX\OTHERS\MAPGEN.C,3,3
D:\MOX\OTHERS\NETSTART.C,D:\MOX\OTHERS\NETTURN.C,3,3
D:\MOX\OTHERS\OFFICER.C,D:\MOX\OTHERS\GENDRAW.C,3,3
D:\MOX\OTHERS\OFFICER.C,D:\MOX\OTHERS\MAINPUPS.C,3,3
D:\MOX\OTHERS\PLNTSUM.C,D:\MOX\OTHERS\MAINSCR.C,3,3
D:\MOX\OTHERS\RACEOPT.C,D:\MOX\OTHERS\ERIC.C,3,3
D:\MOX\OTHERS\RACESEL.C,D:\MOX\OTHERS\NAMESTAR.C,3,3
D:\MOX\OTHERS\REPORT.C,D:\MOX\OTHERS\COLONIZE.C,3,3
D:\MOX\OTHERS\REPORT.C,D:\MOX\OTHERS\NETMOX.C,3,3
D:\MOX\OTHERS\REPORT.C,D:\MOX\OTHERS\OFFICER.C,3,3
D:\MOX\OTHERS\SCORE.C,D:\MOX\OTHERS\COLONY.C,3,3
D:\MOX\OTHERS\SCORE.C,D:\MOX\OTHERS\ERIC.C,3,3
D:\MOX\OTHERS\SHIPMOVE.C,D:\MOX\OTHERS\MAINSCR.C,3,3
D:\MOX\OTHERS\SHIPS.C,D:\MOX\OTHERS\MAINSCR.C,3,3
D:\MOX\RACESCRN.C,D:\MOX\OTHERS\COLONY.C,3,3
D:\MOX\TURNSUM.C,D:\MOX\OTHERS\MSG.C,3,3
L:\MOX\INITGAME.C,D:\MOX\OTHERS\COLCALC.C,3,3
L:\MOX\INITGAME.C,D:\MOX\OTHERS\ERIC.C,3,3
L:\MOX\INITGAME.C,D:\MOX\OTHERS\OFFICER.C,3,3
L:\MOX\INITGAME.C,L:\MOX\FILEDEF.C,3,3
L:\MOX\MOX2.C,D:\MOX\OTHERS\NETSTART.C,3,3
L:\MOX\MOX2.C,L:\MOX\INITGAME.C,3,3
L:\MOX\NEXTTURN.C,D:\MOX\OTHERS\SHIPMOVE.C,3,3
D:\MOX\NPCDIPLO.C,D:\MOX\EVENTS.C,2,3
D:\MOX\OTHERS\AIDATA.C,D:\MOX\OTHERS\HAROLD.C,2,3
D:\MOX\OTHERS\CMBTFIRE.C,D:\MOX\OTHERS\BEAMS.C,2,3
D:\MOX\OTHERS\CMBTMIS.C,L:\MOX\MOX2.C,2,3
D:\MOX\OTHERS\CMBTMOV1.C,D:\MOX\OTHERS\CMBTFIRE.C,2,3
D:\MOX\OTHERS\COLBLDG.C,D:\MOX\OTHERS\OFFICER.C,2,3
D:\MOX\OTHERS\COLGCBT.C,D:\MOX\OTHERS\ERICHELP.C,2,3
D:\MOX\OTHERS\COLGCBT.C,D:\MOX\OTHERS\HACCESS.C,2,3
D:\MOX\OTHERS\COLLAND.C,D:\MOX\OTHERS\HACCESS.C,2,3
D:\MOX\OTHERS\COLMOVE.C,D:\MOX\OTHERS\COLCALC.C,2,3
D:\MOX\OTHERS\COLONIZE.C,D:\MOX\OTHERS\REPORT.C,2,3
D:\MOX\OTHERS\COMBAT1.C,L:\MOX\MOX2.C,2,3
D:\MOX\OTHERS\COMBFIND.C,D:\MOX\OTHERS\AIBOMB.C,2,3
D:\MOX\OTHERS\COMBFIND.C,D:\MOX\OTHERS\COLBOMB.C,2,3
D:\MOX\OTHERS\COMBFIND.C,D:\MOX\OTHERS\COLGCBT.C,2,3
D:\MOX\OTHERS\COMBFIND.C,L:\MOX\ERICNET.C,2,3
D:\MOX\OTHERS\DESIGN.C,D:\MOX\OTHERS\GENDRAW.C,2,3
D:\MOX\OTHERS\FLT1.C,D:\MOX\OTHERS\KEN.C,2,3
D:\MOX\OTHERS\FLT1.C,D:\MOX\OTHERS\MISC.C,2,3
D:\MOX\OTHERS\GENDRAW.C,D:\MOX\OTHERS\MISC.C,2,3
D:\MOX\OTHERS\HAROLD.C,D:\MOX\OTHERS\TEXTBOX.C,2,3
D:\MOX\OTHERS\MAINMENU.C,D:\MOX\OTHERS\MISC.C,2,3
D:\MOX\OTHERS\MAINPUPS.C,D:\MOX\OTHERS\TEXTBOX.C,2,3
D:\MOX\OTHERS\MAINTAIN.C,D:\MOX\BILL.C,2,3
D:\MOX\OTHERS\MAPGEN.C,L:\MOX\MOX2.C,2,3
D:\MOX\OTHERS\MOVEBOX.C,D:\MOX\OTHERS\EVANHELP.C,2,3
D:\MOX\OTHERS\MULTPLAY.C,D:\MOX\OTHERS\EVANHELP.C,2,3
D:\MOX\OTHERS\NAMESTAR.C,L:\MOX\MOX2.C,2,3
D:\MOX\OTHERS\NETTURN.C,D:\MOX\OTHERS\MAINSCR.C,2,3
D:\MOX\OTHERS\OFFICER.C,D:\MOX\OTHERS\ANTARANS.C,2,3
D:\MOX\OTHERS\PLNTSUM.C,D:\MOX\EVENTS.C,2,3
D:\MOX\OTHERS\PLNTSUM.C,D:\MOX\OTHERS\SHIPS.C,2,3
D:\MOX\OTHERS\RACESEL.C,D:\MOX\OTHERS\ERIC.C,2,3
D:\MOX\OTHERS\RACESEL.C,D:\MOX\OTHERS\GENDRAW.C,2,3
D:\MOX\OTHERS\REPORT.C,D:\MOX\DIP-SCRN.C,2,3
D:\MOX\OTHERS\REPORT.C,D:\MOX\OTHERS\MSG.C,2,3
D:\MOX\OTHERS\SPY.C,D:\MOX\OTHERS\RUSS.C,2,3
D:\MOX\OTHERS\SYS.C,D:\MOX\OTHERS\MAINPUPS.C,2,3
D:\MOX\OTHERS\TRADE.C,D:\MOX\OTHERS\COLCALC.C,2,3
D:\MOX\RACESCRN.C,D:\MOX\OTHERS\GENDRAW.C,2,3
L:\MOX\ERICNET.C,D:\MOX\OTHERS\OFFICER.C,2,3
L:\MOX\INITGAME.C,D:\MOX\OTHERS\MAINSCR.C,2,3
L:\MOX\INITGAME.C,L:\MOX\MOX2.C,2,3
D:\MOX\INFO.C,D:\MOX\OTHERS\RUSS.C,1,3
D:\MOX\OTHERS\CMBTMIS.C,D:\MOX\OTHERS\KEN.C,1,3
D:\MOX\OTHERS\COMBAT.C,D:\MOX\OTHERS\SHIPS.C,1,3
D:\MOX\OTHERS\COMBAT1.C,D:\MOX\OTHERS\RUSS.C,1,3
D:\MOX\OTHERS\DESIGN.C,L:\MOX\MOX2.C,1,3
D:\MOX\OTHERS\FLT1.C,D:\MOX\OTHERS\EVANHELP.C,1,3
D:\MOX\OTHERS\NEWGAME.C,D:\MOX\OTHERS\ERICHELP.C,1,3
D:\MOX\OTHERS\REPORT.C,D:\MOX\OTHERS\PLNTSUM.C,1,3
D:\MOX\OTHERS\SETTLER.C,D:\MOX\OTHERS\COLCALC.C,1,3
D:\MOX\RACESCRN.C,D:\MOX\DIP-SCRN.C,1,3
D:\MOX\ANTAROOM.C,D:\MOX\BILL.C,2,2
D:\MOX\BILL.C,D:\MOX\OTHERS\HAROLD.C,2,2
D:\MOX\DIP-SCRN.C,D:\MOX\FMTPARA.C,2,2
D:\MOX\DIP-SCRN.C,D:\MOX\OTHERS\AITECH.C,2,2
D:\MOX\DIP-SCRN.C,D:\MOX\OTHERS\MOVEBOX.C,2,2
D:\MOX\DIPLOMAC.C,D:\MOX\OTHERS\TRADE.C,2,2
D:\MOX\EVENTS.C,D:\MOX\FMTPARA.C,2,2
D:\MOX\EVENTS.C,D:\MOX\OTHERS\SHIPMOVE.C,2,2
D:\MOX\EVENTS.C,D:\MOX\OTHERS\SHIPS.C,2,2
D:\MOX\INFO.C,D:\MOX\TECH.C,2,2
D:\MOX\JIM.C,D:\MOX\TECH.C,2,2
D:\MOX\OTHERS\ADVCIV.C,D:\MOX\OTHERS\MAPGEN.C,2,2
D:\MOX\OTHERS\AIBUILD.C,D:\MOX\BILL.C,2,2
D:\MOX\OTHERS\AIDESIGN.C,D:\MOX\OTHERS\AIPOWER.C,2,2
D:\MOX\OTHERS\AIDUDES.C,D:\MOX\OTHERS\INITSHIP.C,2,2
D:\MOX\OTHERS\AIMOVE.C,D:\MOX\OTHERS\AIBUILD.C,2,2
D:\MOX\OTHERS\AIMOVE.C,D:\MOX\OTHERS\COLCALC.C,2,2
D:\MOX\OTHERS\AIMOVE.C,D:\MOX\OTHERS\GEO.C,2,2
D:\MOX\OTHERS\AITRADE.C,D:\MOX\OTHERS\TRADE.C,2,2
D:\MOX\OTHERS\BEAMS.C,D:\MOX\OTHERS\ERIC.C,2,2
D:\MOX\OTHERS\BOMB.C,D:\MOX\OTHERS\OFFICER.C,2,2
D:\MOX\OTHERS\CHAT.C,D:\MOX\OTHERS\NETMOX.C,2,2
D:\MOX\OTHERS\CHAT.C,D:\MOX\OTHERS\RUSS.C,2,2
D:\MOX\OTHERS\CMBTAI.C,D:\MOX\OTHERS\INVASION.C,2,2
D:\MOX\OTHERS\CMBTDRW1.C,D:\MOX\OTHERS\EVANHELP.C,2,2
D:\MOX\OTHERS\CMBTDRW1.C,D:\MOX\OTHERS\MISC.C,2,2
D:\MOX\OTHERS\CMBTDRW1.C,L:\MOX\ERICNET.C,2,2
D:\MOX\OTHERS\CMBTFIR2.C,D:\MOX\OTHERS\RUSS.C,2,2
D:\MOX\OTHERS\CMBTFIR2.C,L:\MOX\ERICNET.C,2,2
D:\MOX\OTHERS\CMBTFIRE.C,D:\MOX\OTHERS\CMBTMOV1.C,2,2
D:\MOX\OTHERS\CMBTFIRE.C,D:\MOX\OTHERS\COMBAT1.C,2,2
D:\MOX\OTHERS\CMBTFIRE.C,L:\MOX\ERICNET.C,2,2
D:\MOX\OTHERS\CMBTMIS.C,D:\MOX\OTHERS\CMBTSPEC.C,2,2
D:\MOX\OTHERS\CMBTSPEC.C,D:\MOX\OTHERS\CMBTMOV1.C,2,2
D:\MOX\OTHERS\CMBTSPEC.C,D:\MOX\OTHERS\ERIC.C,2,2
D:\MOX\OTHERS\COLBLDG.C,D:\MOX\OTHERS\ASSERT.C,2,2
D:\MOX\OTHERS\COLBLDG.C,D:\MOX\OTHERS\COLREFIT.C,2,2
D:\MOX\OTHERS\COLBLDG.C,D:\MOX\OTHERS\RUSS.C,2,2
D:\MOX\OTHERS\COLBLDG.C,D:\MOX\OTHERS\TEXTBOX.C,2,2
D:\MOX\OTHERS\COLCALC.C,D:\MOX\OTHERS\BOMB.C,2,2
D:\MOX\OTHERS\COLCALC.C,D:\MOX\OTHERS\MAINSCR.C,2,2
D:\MOX\OTHERS\COLCALC.C,L:\MOX\ERICNET.C,2,2
D:\MOX\OTHERS\COLDRAW.C,D:\MOX\OTHERS\RUSS.C,2,2
D:\MOX\OTHERS\COLGCBT.C,D:\MOX\JIM.C,2,2
D:\MOX\OTHERS\COLMOVE.C,D:\MOX\OTHERS\SETTLER.C,2,2
D:\MOX\OTHERS\COLONIZE.C,D:\MOX\OTHERS\COLCALC.C,2,2
D:\MOX\OTHERS\COLONY.C,D:\MOX\EVENTS.C,2,2
D:\MOX\OTHERS\COLONY.C,D:\MOX\OTHERS\MAINPUPS.C,2,2
D:\MOX\OTHERS\COLONY.C,D:\MOX\OTHERS\OCPOLPUP.C,2,2
D:\MOX\OTHERS\COLONY.C,D:\MOX\OTHERS\TEXTBOX.C,2,2
D:\MOX\OTHERS\COLREFIT.C,D:\MOX\OTHERS\COLCALC.C,2,2
D:\MOX\OTHERS\COLREFIT.C,D:\MOX\OTHERS\HAROLD.C,2,2
D:\MOX\OTHERS\COLREFIT.C,D:\MOX\OTHERS\OFFICER.C,2,2
D:\MOX\OTHERS\COLSUM.C,D:\MOX\OTHERS\HAROLD.C,2,2
D:\MOX\OTHERS\COLSYSDI.C,D:\MOX\OTHERS\COLONY.C,2,2
D:\MOX\OTHERS\COMBAT.C,D:\MOX\OTHERS\ANTARANS.C,2,2
D:\MOX\OTHERS\COMBAT.C,L:\MOX\MOX2.C,2,2
D:\MOX\OTHERS\COMBFIND.C,D:\MOX\EVENTS.C,2,2
D:\MOX\OTHERS\COMBFIND.C,D:\MOX\OTHERS\ANTARANS.C,2,2
D:\MOX\OTHERS\COMBFIND.C,D:\MOX\OTHERS\MSG.C,2,2
D:\MOX\OTHERS\COMBINIT.C,D:\MOX\JIM.C,2,2
D:\MOX\OTHERS\COMBINIT.C,D:\MOX\OTHERS\ANTARANS.C,2,2
D:\MOX\OTHERS\DESIGN.C,D:\MOX\OTHERS\ERIC.C,2,2
D:\MOX\OTHERS\DESIGN.C,D:\MOX\OTHERS\TEXTBOX.C,2,2
D:\MOX\OTHERS\ERIC.C,D:\MOX\OTHERS\RUSS.C,2,2
D:\MOX\OTHERS\EVANHELP.C,D:\MOX\OTHERS\TEXTBOX.C,2,2
D:\MOX\OTHERS\FLEETPOP.C,D:\MOX\OTHERS\AIPOWER.C,2,2
D:\MOX\OTHERS\FLEETPOP.C,D:\MOX\OTHERS\MOVEBOX.C,2,2
D:\MOX\OTHERS\FLT1.C,D:\MOX\OTHERS\COLCALC.C,2,2
D:\MOX\OTHERS\FLT1.C,D:\MOX\OTHERS\ERIC.C,2,2
D:\MOX\OTHERS\FLT1.C,D:\MOX\OTHERS\MAINSCR.C,2,2
D:\MOX\OTHERS\FLT2.C,D:\MOX\OTHERS\FLT1.C,2,2
D:\MOX\OTHERS\FLT2.C,D:\MOX\OTHERS\KEN.C,2,2
D:\MOX\OTHERS\FLT2.C,D:\MOX\OTHERS\MOVEBOX.C,2,2
D:\MOX\OTHERS\FLT2.C,D:\MOX\OTHERS\SHIPS.C,2,2
D:\MOX\OTHERS\GENDRAW.C,D:\MOX\FIELDSAV.C,2,2
D:\MOX\OTHERS\HACCESS.C,D:\MOX\OTHERS\SHIPMOVE.C,2,2
D:\MOX\OTHERS\HAROLD.C,D:\MOX\OTHERS\OFFICER.C,2,2
D:\MOX\OTHERS\HOTPOP.C,D:\MOX\OTHERS\ERIC.C,2,2
D:\MOX\OTHERS\HOTPOP.C,L:\MOX\MOX2.C,2,2
D:\MOX\OTHERS\KEN.C,D:\MOX\OTHERS\INITSHIP.C,2,2
D:\MOX\OTHERS\LOADSAVE.C,D:\MOX\JIM.C,2,2
D:\MOX\OTHERS\MAINMENU.C,L:\MOX\FILEDEF.C,2,2
D:\MOX\OTHERS\MAINPUPS.C,D:\MOX\OTHERS\BOMB.C,2,2
D:\MOX\OTHERS\MAINPUPS.C,D:\MOX\OTHERS\GENDRAW.C,2,2
D:\MOX\OTHERS\MAINPUPS.C,D:\MOX\OTHERS\MOVEBOX.C,2,2
D:\MOX\OTHERS\MAINSCR.C,D:\MOX\OTHERS\LOADSAVE.C,2,2
D:\MOX\OTHERS\MAINSCR.C,D:\MOX\OTHERS\SCROLL.C,2,2
D:\MOX\OTHERS\MAINSCR.C,D:\MOX\OTHERS\TEXTBOX.C,2,2
D:\MOX\OTHERS\MAINSCR.C,L:\MOX\ERICNET.C,2,2
D:\MOX\OTHERS\MAINSCR.C,L:\MOX\FILEDEF.C,2,2
D:\MOX\OTHERS\MAINSCR2.C,D:\MOX\OTHERS\COLCALC.C,2,2
D:\MOX\OTHERS\MAINSCR2.C,D:\MOX\OTHERS\COLONIZE.C,2,2
D:\MOX\OTHERS\MAINTAIN.C,L:\MOX\ERICNET.C,2,2
D:\MOX\OTHERS\MAPGEN.C,D:\MOX\OTHERS\ASSERT.C,2,2
D:\MOX\OTHERS\MAPGEN.C,D:\MOX\OTHERS\ERIC.C,2,2
D:\MOX\OTHERS\MAPGEN.C,D:\MOX\OTHERS\HOMEGEN.C,2,2
D:\MOX\OTHERS\MULTPLAY.C,D:\MOX\OTHERS\HACCESS.C,2,2
D:\MOX\OTHERS\MULTPLAY.C,D:\MOX\OTHERS\TEXTBOX.C,2,2
D:\MOX\OTHERS\NAMESTAR.C,D:\MOX\OTHERS\HAROLD.C,2,2
D:\MOX\OTHERS\NETMOX.C,D:\MOX\DIP-SCRN.C,2,2
D:\MOX\OTHERS\NETMOX.C,D:\MOX\EVENTS.C,2,2
D:\MOX\OTHERS\NETMOX.C,D:\MOX\OTHERS\MAINSCR.C,2,2
D:\MOX\OTHERS\NETSTART.C,D:\MOX\OTHERS\RACESEL.C,2,2
D:\MOX\OTHERS\NETTURN.C,D:\MOX\OTHERS\RUSS.C,2,2
D:\MOX\OTHERS\NEWGAME.C,D:\MOX\OTHERS\ERIC.C,2,2
D:\MOX\OTHERS\OCPOLPUP.C,L:\MOX\MOX2.C,2,2
D:\MOX\OTHERS\OFFICER.C,D:\MOX\OTHERS\EVANHELP.C,2,2
D:\MOX\OTHERS\OFFICER.C,D:\MOX\OTHERS\KEN.C,2,2
D:\MOX\OTHERS\OFFICER.C,D:\MOX\OTHERS\MOVEBOX.C,2,2
D:\MOX\OTHERS\RACEOPT.C,D:\MOX\OTHERS\RACESEL.C,2,2
D:\MOX\OTHERS\REPORT.C,D:\MOX\OTHERS\COLCALC.C,2,2
D:\MOX\OTHERS\REPORT.C,D:\MOX\OTHERS\SHIPMOVE.C,2,2
D:\MOX\OTHERS\REPORT.C,D:\MOX\TECH.C,2,2
D:\MOX\OTHERS\RUSS.C,D:\MOX\OTHERS\COLCALC.C,2,2
D:\MOX\OTHERS\SHIPMOVE.C,D:\MOX\EVENTS.C,2,2
D:\MOX\OTHERS\SHIPMOVE.C,D:\MOX\OTHERS\HAROLD.C,2,2
D:\MOX\OTHERS\SHIPMOVE.C,D:\MOX\OTHERS\INITSHIP.C,2,2
D:\MOX\OTHERS\SHIPS.C,D:\MOX\OTHERS\MOVEBOX.C,2,2
D:\MOX\OTHERS\SPY.C,D:\MOX\DIPLOMAC.C,2,2
D:\MOX\OTHERS\SYS.C,D:\MOX\BILL.C,2,2
D:\MOX\OTHERS\SYS.C,D:\MOX\FMTPARA.C,2,2
D:\MOX\OTHERS\SYS.C,D:\MOX\OTHERS\GEO.C,2,2
D:\MOX\OTHERS\SYS.C,D:\MOX\OTHERS\MOVEBOX.C,2,2
D:\MOX\OTHERS\TECHINIT.C,D:\MOX\OTHERS\INITSHIP.C,2,2
D:\MOX\OTHERS\TEXTBOX.C,D:\MOX\FIELDSAV.C,2,2
D:\MOX\RACERPRT.C,D:\MOX\OTHERS\ERIC.C,2,2
D:\MOX\RACERPRT.C,D:\MOX\RACESCRN.C,2,2
D:\MOX\SMACK.C,L:\MOX\MOX2.C,2,2
D:\MOX\TECH.C,D:\MOX\FIELDSAV.C,2,2
D:\MOX\TECH.C,D:\MOX\OTHERS\COLCALC.C,2,2
D:\MOX\TECH.C,D:\MOX\OTHERS\ERIC.C,2,2
D:\MOX\TECH.C,D:\MOX\OTHERS\TEXTBOX.C,2,2
D:\MOX\TURNSUM.C,D:\MOX\INFO.C,2,2
D:\MOX\TURNSUM.C,D:\MOX\OTHERS\ERIC.C,2,2
L:\MOX\ERICNET.C,D:\MOX\OTHERS\SHIPMOVE.C,2,2
L:\MOX\FILEDEF.C,D:\MOX\OTHERS\ASSERT.C,2,2
L:\MOX\FILEDEF.C,D:\MOX\OTHERS\GENDRAW.C,2,2
L:\MOX\FILEDEF.C,D:\MOX\OTHERS\MAINSCR.C,2,2
L:\MOX\FILEDEF.C,D:\MOX\OTHERS\MISC.C,2,2
L:\MOX\FILEDEF.C,L:\MOX\INITGAME.C,2,2
L:\MOX\INITGAME.C,D:\MOX\OTHERS\ADVCIV.C,2,2
L:\MOX\INITGAME.C,D:\MOX\OTHERS\GEO.C,2,2
L:\MOX\INITGAME.C,D:\MOX\OTHERS\INITSHIP.C,2,2
L:\MOX\INITGAME.C,D:\MOX\OTHERS\SHIPMOVE.C,2,2
L:\MOX\MOX2.C,D:\MOX\JIM.C,2,2
L:\MOX\MOX2.C,D:\MOX\OTHERS\MULTPLAY.C,2,2
L:\MOX\NEXTTURN.C,D:\MOX\DIP-SCRN.C,2,2
L:\MOX\NEXTTURN.C,D:\MOX\EVENTS.C,2,2
L:\MOX\NEXTTURN.C,D:\MOX\OTHERS\AIDATA.C,2,2
L:\MOX\NEXTTURN.C,D:\MOX\OTHERS\AITECH.C,2,2
L:\MOX\NEXTTURN.C,D:\MOX\OTHERS\COLONIZE.C,2,2
L:\MOX\NEXTTURN.C,D:\MOX\OTHERS\MSG.C,2,2
D:\MOX\JIM.C,D:\MOX\OTHERS\MAINMENU.C,1,2
D:\MOX\JIM.C,D:\MOX\SMACK.C,1,2
D:\MOX\OTHERS\AIMOVE.C,D:\MOX\OTHERS\MSG.C,1,2
D:\MOX\OTHERS\BOMB.C,L:\MOX\ERICNET.C,1,2
D:\MOX\OTHERS\CMBTDRW1.C,D:\MOX\OTHERS\OFFICER.C,1,2
D:\MOX\OTHERS\CMBTFIR2.C,D:\MOX\OTHERS\DESIGN.C,1,2
D:\MOX\OTHERS\CMBTFIRE.C,D:\MOX\OTHERS\BOMB.C,1,2
D:\MOX\OTHERS\COLBLDG.C,D:\MOX\OTHERS\DESIGN.C,1,2
D:\MOX\OTHERS\COLBLDG.C,D:\MOX\OTHERS\ERICHELP.C,1,2
D:\MOX\OTHERS\COLBLDG.C,D:\MOX\OTHERS\FLT2.C,1,2
D:\MOX\OTHERS\COLCALC.C,D:\MOX\OTHERS\AIBUILD.C,1,2
D:\MOX\OTHERS\COLCALC.C,D:\MOX\OTHERS\COLONY.C,1,2
D:\MOX\OTHERS\COLGCBT.C,D:\MOX\OTHERS\BEAMS.C,1,2
D:\MOX\OTHERS\COLLAND.C,D:\MOX\BILL.C,1,2
D:\MOX\OTHERS\COLMOVE.C,D:\MOX\OTHERS\HACCESS.C,1,2
D:\MOX\OTHERS\COLMOVE.C,D:\MOX\OTHERS\TEXTBOX.C,1,2
D:\MOX\OTHERS\COLXPORT.C,D:\MOX\OTHERS\ERICHELP.C,1,2
D:\MOX\OTHERS\COMBFIND.C,D:\MOX\SCIENCE.C,1,2
D:\MOX\OTHERS\CONTACT.C,D:\MOX\OTHERS\SPY.C,1,2
D:\MOX\OTHERS\FLT1.C,L:\MOX\MOX2.C,1,2
D:\MOX\OTHERS\HOTPOP.C,D:\MOX\OTHERS\GENDRAW.C,1,2
D:\MOX\OTHERS\HOTPOP.C,D:\MOX\OTHERS\MISC.C,1,2
D:\MOX\OTHERS\INVASION.C,D:\MOX\OTHERS\MSG.C,1,2
D:\MOX\OTHERS\LOSTSHIP.C,D:\MOX\OTHERS\SHIPMOVE.C,1,2
D:\MOX\OTHERS\MAINMENU.C,L:\MOX\ERICNET.C,1,2
D:\MOX\OTHERS\MAINPUPS.C,L:\MOX\ERICNET.C,1,2
D:\MOX\OTHERS\MAINSCR.C,D:\MOX\OTHERS\GEO.C,1,2
D:\MOX\OTHERS\MAINSCR.C,D:\MOX\OTHERS\MULTPLAY.C,1,2
D:\MOX\OTHERS\MSG.C,D:\MOX\OTHERS\HACCESS.C,1,2
D:\MOX\OTHERS\NAMESTAR.C,D:\MOX\OTHERS\MAINSCR.C,1,2
D:\MOX\OTHERS\NETMOX.C,D:\MOX\OTHERS\GENDRAW.C,1,2
D:\MOX\OTHERS\RACESEL.C,D:\MOX\BILL.C,1,2
D:\MOX\OTHERS\RACESEL.C,D:\MOX\OTHERS\RACEOPT.C,1,2
D:\MOX\OTHERS\REPORT.C,D:\MOX\OTHERS\MAINSCR.C,1,2
D:\MOX\OTHERS\SCORE.C,D:\MOX\OTHERS\GENDRAW.C,1,2
D:\MOX\OTHERS\TRADE.C,D:\MOX\EVENTS.C,1,2
D:\MOX\OTHERS\TRADE.C,D:\MOX\OTHERS\OFFICER.C,1,2
D:\MOX\RACESCRN.C,D:\MOX\OTHERS\HAROLD.C,1,2
D:\MOX\SMACK.C,D:\MOX\OTHERS\RUSS.C,1,2
L:\MOX\INITGAME.C,D:\MOX\OTHERS\SHIPS.C,1,2
L:\MOX\MOX2.C,D:\MOX\OTHERS\NEWGAME.C,1,2
L:\MOX\NEXTTURN.C,D:\MOX\OTHERS\SCORE.C,1,2
D:\MOX\ANTAROOM.C,D:\MOX\OTHERS\RUSS.C,1,1
D:\MOX\BILL.C,D:\MOX\FMTPARA.C,1,1
D:\MOX\BILL.C,D:\MOX\INFO.C,1,1
D:\MOX\BILL.C,D:\MOX\OTHERS\COLCALC.C,1,1
D:\MOX\BILL.C,D:\MOX\OTHERS\RUSS.C,1,1
D:\MOX\COUNCIL.C,D:\MOX\OTHERS\HACCESS.C,1,1
D:\MOX\COUNCIL.C,D:\MOX\OTHERS\MISC.C,1,1
D:\MOX\DIP-SCRN.C,D:\MOX\EVENTS.C,1,1
D:\MOX\DIP-SCRN.C,D:\MOX\OTHERS\AIMOVE.C,1,1
D:\MOX\DIP-SCRN.C,D:\MOX\OTHERS\SHIPMOVE.C,1,1
D:\MOX\DIPLOMAC.C,D:\MOX\DIP-SCRN.C,1,1
D:\MOX\DIPLOMAC.C,D:\MOX\OTHERS\MSG.C,1,1
D:\MOX\DIPLOMAC.C,D:\MOX\OTHERS\NEWTECH.C,1,1
D:\MOX\EVENTS.C,D:\MOX\DIPLOMAC.C,1,1
D:\MOX\EVENTS.C,D:\MOX\OTHERS\COLBLDG.C,1,1
D:\MOX\EVENTS.C,D:\MOX\OTHERS\HACCESS.C,1,1
D:\MOX\EVENTS.C,D:\MOX\OTHERS\MAINSCR.C,1,1
D:\MOX\EVENTS.C,D:\MOX\OTHERS\OFFICER.C,1,1
D:\MOX\EVENTS.C,D:\MOX\OTHERS\RUSS.C,1,1
D:\MOX\FIELDSAV.C,D:\MOX\OTHERS\TEXTBOX.C,1,1
D:\MOX\FIELDSAV.C,L:\MOX\MOX.C,1,1
D:\MOX\JIM.C,D:\MOX\OTHERS\ERIC.C,1,1
D:\MOX\JIM.C,D:\MOX\OTHERS\HACCESS.C,1,1
D:\MOX\JIM.C,L:\MOX\MOX2.C,1,1
D:\MOX\OTHERS\ADVCIV.C,D:\MOX\OTHERS\AIDATA.C,1,1
D:\MOX\OTHERS\ADVCIV.C,D:\MOX\OTHERS\GEO.C,1,1
D:\MOX\OTHERS\ADVCIV.C,D:\MOX\OTHERS\HAROLD.C,1,1
D:\MOX\OTHERS\AIBUILD.C,D:\MOX\EVENTS.C,1,1
D:\MOX\OTHERS\AIBUILD.C,D:\MOX\OTHERS\AIMOVE.C,1,1
D:\MOX\OTHERS\AIBUILD.C,D:\MOX\OTHERS\DESIGN.C,1,1
D:\MOX\OTHERS\AIBUILD.C,D:\MOX\OTHERS\OFFICER.C,1,1
D:\MOX\OTHERS\AIDATA.C,D:\MOX\OTHERS\AISTAGE.C,1,1
D:\MOX\OTHERS\AIDATA.C,D:\MOX\OTHERS\AITECH.C,1,1
D:\MOX\OTHERS\AIDATA.C,D:\MOX\OTHERS\SHIPSTAK.C,1,1
D:\MOX\OTHERS\AIDESIGN.C,D:\MOX\OTHERS\KEN.C,1,1
D:\MOX\OTHERS\AIDUDES.C,D:\MOX\OTHERS\COLBLDG.C,1,1
D:\MOX\OTHERS\AIMOVE.C,D:\MOX\DIPLOMAC.C,1,1
D:\MOX\OTHERS\AIMOVE.C,D:\MOX\OTHERS\HAROLD.C,1,1
D:\MOX\OTHERS\AIMOVE.C,D:\MOX\OTHERS\INITSHIP.C,1,1
D:\MOX\OTHERS\AIMOVE.C,D:\MOX\OTHERS\INVASION.C,1,1
D:\MOX\OTHERS\AIMOVE.C,D:\MOX\OTHERS\SHIPS.C,1,1
D:\MOX\OTHERS\AISTAGE.C,D:\MOX\OTHERS\GEO.C,1,1
D:\MOX\OTHERS\AISTAGE.C,D:\MOX\OTHERS\SHIPMOVE.C,1,1
D:\MOX\OTHERS\AITECH.C,D:\MOX\OTHERS\AIMOVE.C,1,1
D:\MOX\OTHERS\AITECH.C,D:\MOX\OTHERS\INVASION.C,1,1
D:\MOX\OTHERS\AITECH.C,D:\MOX\OTHERS\NEWTECH.C,1,1
D:\MOX\OTHERS\AITECH.C,D:\MOX\OTHERS\RACEOPT.C,1,1
D:\MOX\OTHERS\AITECH.C,D:\MOX\OTHERS\SHIPMOVE.C,1,1
D:\MOX\OTHERS\ANTARANS.C,D:\MOX\EVENTS.C,1,1
D:\MOX\OTHERS\ANTARANS.C,D:\MOX\OTHERS\HACCESS.C,1,1
D:\MOX\OTHERS\ANTARANS.C,D:\MOX\OTHERS\INITSHIP.C,1,1
D:\MOX\OTHERS\ANTARANS.C,D:\MOX\OTHERS\SHIPS.C,1,1
D:\MOX\OTHERS\BEAMS.C,D:\MOX\OTHERS\ASSERT.C,1,1
D:\MOX\OTHERS\BEAMS.C,D:\MOX\OTHERS\CMBTFIRE.C,1,1
D:\MOX\OTHERS\BEAMS.C,D:\MOX\OTHERS\CMBTMIS.C,1,1
D:\MOX\OTHERS\BOMB.C,D:\MOX\EVENTS.C,1,1
D:\MOX\OTHERS\BOMB.C,D:\MOX\OTHERS\COLBLDG.C,1,1
D:\MOX\OTHERS\BOMB.C,D:\MOX\OTHERS\COLCALC.C,1,1
D:\MOX\OTHERS\BOMB.C,D:\MOX\OTHERS\INVASION.C,1,1
D:\MOX\OTHERS\BOMB.C,D:\MOX\OTHERS\MSG.C,1,1
D:\MOX\OTHERS\CMBTAI.C,D:\MOX\OTHERS\GENDRAW.C,1,1
D:\MOX\OTHERS\CMBTAI.C,D:\MOX\OTHERS\GEO.C,1,1
D:\MOX\OTHERS\CMBTAI.C,D:\MOX\OTHERS\KEN.C,1,1
D:\MOX\OTHERS\CMBTAI.C,D:\MOX\OTHERS\NETMOX.C,1,1
D:\MOX\OTHERS\CMBTAI.C,L:\MOX\MOX2.C,1,1
D:\MOX\OTHERS\CMBTFIR2.C,D:\MOX\OTHERS\CMBTMOV1.C,1,1
D:\MOX\OTHERS\CMBTFIR2.C,D:\MOX\OTHERS\COMBAT.C,1,1
D:\MOX\OTHERS\CMBTFIR2.C,D:\MOX\OTHERS\INITSHIP.C,1,1
D:\MOX\OTHERS\CMBTFIRE.C,D:\MOX\OTHERS\INITSHIP.C,1,1
D:\MOX\OTHERS\CMBTFIRE.C,L:\MOX\MOX2.C,1,1
D:\MOX\OTHERS\CMBTMIS.C,D:\MOX\OTHERS\CMBTAI.C,1,1
D:\MOX\OTHERS\CMBTMIS.C,D:\MOX\OTHERS\COMBAT1.C,1,1
D:\MOX\OTHERS\CMBTMOV1.C,D:\MOX\OTHERS\COMBAT1.C,1,1
D:\MOX\OTHERS\CMBTMOV1.C,D:\MOX\OTHERS\KEN.C,1,1
D:\MOX\OTHERS\CMBTMOV1.C,D:\MOX\OTHERS\NETMOX.C,1,1
D:\MOX\OTHERS\CMBTMOV1.C,D:\MOX\OTHERS\RUSS.C,1,1
D:\MOX\OTHERS\CMBTMOV1.C,L:\MOX\ERICNET.C,1,1
D:\MOX\OTHERS\CMBTSPEC.C,D:\MOX\OTHERS\CMBTFIR2.C,1,1
D:\MOX\OTHERS\CMBTSPEC.C,D:\MOX\OTHERS\COLONY.C,1,1
D:\MOX\OTHERS\COLBCACH.C,D:\MOX\OTHERS\COLONY.C,1,1
D:\MOX\OTHERS\COLBCACH.C,D:\MOX\OTHERS\ESTRINGS.C,1,1
D:\MOX\OTHERS\COLBLDG.C,D:\MOX\OTHERS\HACCESS.C,1,1
D:\MOX\OTHERS\COLBLDG.C,D:\MOX\OTHERS\HAROLD.C,1,1
D:\MOX\OTHERS\COLBLDG.C,D:\MOX\OTHERS\MAINSCR.C,1,1
D:\MOX\OTHERS\COLBLDG.C,L:\MOX\MOX2.C,1,1
D:\MOX\OTHERS\COLBOMB.C,D:\MOX\OTHERS\TEXTBOX.C,1,1
D:\MOX\OTHERS\COLBOMB.C,L:\MOX\ERICNET.C,1,1
D:\MOX\OTHERS\COLCALC.C,D:\MOX\DIPLOMAC.C,1,1
D:\MOX\OTHERS\COLCALC.C,D:\MOX\OTHERS\CONTACT.C,1,1
D:\MOX\OTHERS\COLCALC.C,D:\MOX\OTHERS\MAINTAIN.C,1,1
D:\MOX\OTHERS\COLCALC.C,D:\MOX\OTHERS\SHIPS.C,1,1
D:\MOX\OTHERS\COLCALC.C,D:\MOX\OTHERS\SPY.C,1,1
D:\MOX\OTHERS\COLCALC.C,D:\MOX\OTHERS\TEXTBOX.C,1,1
D:\MOX\OTHERS\COLDRAW.C,D:\MOX\BILL.C,1,1
D:\MOX\OTHERS\COLDRAW.C,D:\MOX\OTHERS\ASSERT.C,1,1
D:\MOX\OTHERS\COLDRAW.C,D:\MOX\OTHERS\COLMOVE.C,1,1
D:\MOX\OTHERS\COLGCBT.C,D:\MOX\FMTPARA.C,1,1
D:\MOX\OTHERS\COLGCBT.C,D:\MOX\OTHERS\GEO.C,1,1
D:\MOX\OTHERS\COLGCBT.C,D:\MOX\OTHERS\INVASION.C,1,1
D:\MOX\OTHERS\COLGCBT.C,D:\MOX\OTHERS\OFFICER.C,1,1
D:\MOX\OTHERS\COLLAND.C,D:\MOX\OTHERS\COLCALC.C,1,1
D:\MOX\OTHERS\COLLAND.C,D:\MOX\OTHERS\HAROLD.C,1,1
D:\MOX\OTHERS\COLLAND.C,D:\MOX\OTHERS\OCPOLPUP.C,1,1
D:\MOX\OTHERS\COLMOVE.C,D:\MOX\OTHERS\GENDRAW.C,1,1
D:\MOX\OTHERS\COLMOVE.C,D:\MOX\OTHERS\HAROLD.C,1,1
D:\MOX\OTHERS\COLONIZE.C,D:\MOX\OTHERS\AIDATA.C,1,1
D:\MOX\OTHERS\COLONIZE.C,D:\MOX\OTHERS\MAINSCR.C,1,1
D:\MOX\OTHERS\COLONIZE.C,D:\MOX\OTHERS\MSG.C,1,1
D:\MOX\OTHERS\COLONIZE.C,D:\MOX\OTHERS\SHIPS.C,1,1
D:\MOX\OTHERS\COLONIZE.C,L:\MOX\ERICNET.C,1,1
D:\MOX\OTHERS\COLONIZE.C,L:\MOX\INITGAME.C,1,1
D:\MOX\OTHERS\COLONY.C,D:\MOX\OTHERS\GEO.C,1,1
D:\MOX\OTHERS\COLONY.C,D:\MOX\OTHERS\NEWPUP.C,1,1
D:\MOX\OTHERS\COLONY.C,D:\MOX\OTHERS\OFFICER.C,1,1
D:\MOX\OTHERS\COLONY.C,L:\MOX\INITGAME.C,1,1
D:\MOX\OTHERS\COLREFIT.C,D:\MOX\OTHERS\ERICHELP.C,1,1
D:\MOX\OTHERS\COLREFIT.C,D:\MOX\OTHERS\GENDRAW.C,1,1
D:\MOX\OTHERS\COLSUM.C,D:\MOX\EVENTS.C,1,1
D:\MOX\OTHERS\COLSUM.C,D:\MOX\FMTPARA.C,1,1
D:\MOX\OTHERS\COLSUM.C,D:\MOX\OTHERS\COLCALC.C,1,1
D:\MOX\OTHERS\COLSUM.C,D:\MOX\OTHERS\SHIPS.C,1,1
D:\MOX\OTHERS\COLSYSDI.C,D:\MOX\BILL.C,1,1
D:\MOX\OTHERS\COLSYSDI.C,D:\MOX\OTHERS\COLCALC.C,1,1
D:\MOX\OTHERS\COLXPORT.C,D:\MOX\BILL.C,1,1
D:\MOX\OTHERS\COLXPORT.C,D:\MOX\EVENTS.C,1,1
D:\MOX\OTHERS\COLXPORT.C,D:\MOX\OTHERS\COLDRAW.C,1,1
D:\MOX\OTHERS\COLXPORT.C,D:\MOX\OTHERS\COLMOVE.C,1,1
D:\MOX\OTHERS\COLXPORT.C,D:\MOX\OTHERS\HACCESS.C,1,1
D:\MOX\OTHERS\COMBAT.C,D:\MOX\OTHERS\BOMB.C,1,1
D:\MOX\OTHERS\COMBAT.C,D:\MOX\OTHERS\CMBTFIRE.C,1,1
D:\MOX\OTHERS\COMBAT.C,D:\MOX\OTHERS\HACCESS.C,1,1
D:\MOX\OTHERS\COMBAT.C,D:\MOX\OTHERS\HAROLD.C,1,1
D:\MOX\OTHERS\COMBAT.C,D:\MOX\OTHERS\TEXTBOX.C,1,1
D:\MOX\OTHERS\COMBFIND.C,D:\MOX\DIP-SCRN.C,1,1
D:\MOX\OTHERS\COMBFIND.C,D:\MOX\DIPLOMAC.C,1,1
D:\MOX\OTHERS\COMBFIND.C,D:\MOX\OTHERS\AIMOVE.C,1,1
D:\MOX\OTHERS\COMBFIND.C,D:\MOX\OTHERS\CHAT.C,1,1
D:\MOX\OTHERS\COMBFIND.C,D:\MOX\OTHERS\HACCESS.C,1,1
D:\MOX\OTHERS\COMBFIND.C,D:\MOX\OTHERS\INITSHIP.C,1,1
D:\MOX\OTHERS\COMBFIND.C,L:\MOX\INITGAME.C,1,1
D:\MOX\OTHERS\COMBINIT.C,D:\MOX\OTHERS\BOMB.C,1,1
D:\MOX\OTHERS\COMBINIT.C,D:\MOX\OTHERS\GENDRAW.C,1,1
D:\MOX\OTHERS\COMBINIT.C,D:\MOX\OTHERS\GEO.C,1,1
D:\MOX\OTHERS\COMBINIT.C,D:\MOX\OTHERS\HACCESS.C,1,1
D:\MOX\OTHERS\COMBINIT.C,D:\MOX\OTHERS\HAROLD.C,1,1
D:\MOX\OTHERS\COMBINIT.C,D:\MOX\OTHERS\KEN.C,1,1
D:\MOX\OTHERS\COMBINIT.C,D:\MOX\OTHERS\MISC.C,1,1
D:\MOX\OTHERS\COMBINIT.C,D:\MOX\OTHERS\SHIPS.C,1,1
D:\MOX\OTHERS\COMBINIT.C,L:\MOX\ERICNET.C,1,1
D:\MOX\OTHERS\DESBOX.C,D:\MOX\JIM.C,1,1
D:\MOX\OTHERS\DESBOX.C,D:\MOX\OTHERS\ERIC.C,1,1
D:\MOX\OTHERS\DESIGN.C,D:\MOX\OTHERS\AIBUILD.C,1,1
D:\MOX\OTHERS\DESIGN.C,D:\MOX\OTHERS\ASSERT.C,1,1
D:\MOX\OTHERS\ERIC.C,D:\MOX\OTHERS\COLONY.C,1,1
D:\MOX\OTHERS\ERIC.C,D:\MOX\OTHERS\GENDRAW.C,1,1
D:\MOX\OTHERS\ERIC.C,D:\MOX\OTHERS\MAINSCR.C,1,1
D:\MOX\OTHERS\ERIC.C,D:\MOX\OTHERS\OFFICER.C,1,1
D:\MOX\OTHERS\EVANHELP.C,D:\MOX\OTHERS\MOVEBOX.C,1,1
D:\MOX\OTHERS\FAKEBUTS.C,D:\MOX\BILL.C,1,1
D:\MOX\OTHERS\FLEETPOP.C,D:\MOX\OTHERS\ERIC.C,1,1
D:\MOX\OTHERS\FLEETPOP.C,D:\MOX\OTHERS\EVANHELP.C,1,1
D:\MOX\OTHERS\FLT1.C,D:\MOX\OTHERS\CMBTDRW1.C,1,1
D:\MOX\OTHERS\FLT1.C,D:\MOX\OTHERS\FLEETPOP.C,1,1
D:\MOX\OTHERS\FLT1.C,D:\MOX\OTHERS\INITSHIP.C,1,1
D:\MOX\OTHERS\FLT1.C,D:\MOX\OTHERS\MAINTAIN.C,1,1
D:\MOX\OTHERS\FLT1.C,D:\MOX\OTHERS\SYS.C,1,1
D:\MOX\OTHERS\FLT2.C,D:\MOX\OTHERS\DESIGN.C,1,1
D:\MOX\OTHERS\FLT2.C,D:\MOX\OTHERS\INITSHIP.C,1,1
D:\MOX\OTHERS\FLT2.C,D:\MOX\OTHERS\SYS.C,1,1
D:\MOX\OTHERS\FLT2.C,D:\MOX\OTHERS\TEXTBOX.C,1,1
D:\MOX\OTHERS\FLT2.C,L:\MOX\MOX2.C,1,1
D:\MOX\OTHERS\GENDRAW.C,D:\MOX\OTHERS\ERIC.C,1,1
D:\MOX\OTHERS\GENDRAW.C,D:\MOX\OTHERS\HAROLD.C,1,1
D:\MOX\OTHERS\HACCESS.C,D:\MOX\OTHERS\INITSHIP.C,1,1
D:\MOX\OTHERS\HACCESS.C,D:\MOX\OTHERS\MAINSCR.C,1,1
D:\MOX\OTHERS\HAROLD.C,D:\MOX\OTHERS\ASSERT.C,1,1
D:\MOX\OTHERS\HAROLD.C,D:\MOX\OTHERS\ESTRINGS.C,1,1
D:\MOX\OTHERS\HAROLD.C,D:\MOX\OTHERS\HACCESS.C,1,1
D:\MOX\OTHERS\HAROLD.C,D:\MOX\OTHERS\INITSHIP.C,1,1
D:\MOX\OTHERS\HAROLD.C,D:\MOX\OTHERS\MAINSCR.C,1,1
D:\MOX\OTHERS\HAROLD.C,D:\MOX\OTHERS\MISC.C,1,1
D:\MOX\OTHERS\HAROLD.C,D:\MOX\OTHERS\SHIPMOVE.C,1,1
D:\MOX\OTHERS\HAROLD.C,D:\MOX\OTHERS\TECHINIT.C,1,1
D:\MOX\OTHERS\HOMEGEN.C,D:\MOX\OTHERS\CMBTMIS.C,1,1
D:\MOX\OTHERS\HOMEGEN.C,D:\MOX\OTHERS\ERIC.C,1,1
D:\MOX\OTHERS\HOMEGEN.C,D:\MOX\OTHERS\HACCESS.C,1,1
D:\MOX\OTHERS\HOMEGEN.C,D:\MOX\OTHERS\MAINSCR.C,1,1
D:\MOX\OTHERS\HOMEGEN.C,L:\MOX\ERICNET.C,1,1
D:\MOX\OTHERS\HOTPOP.C,D:\MOX\OTHERS\EVANHELP.C,1,1
D:\MOX\OTHERS\HOTPOP.C,D:\MOX\OTHERS\RACESEL.C,1,1
D:\MOX\OTHERS\HOTPOP.C,L:\MOX\INITGAME.C,1,1
D:\MOX\OTHERS\INVASION.C,D:\MOX\OTHERS\BOMB.C,1,1
D:\MOX\OTHERS\INVASION.C,D:\MOX\OTHERS\COLBLDG.C,1,1
D:\MOX\OTHERS\INVASION.C,D:\MOX\OTHERS\MAINSCR.C,1,1
D:\MOX\OTHERS\KEN.C,D:\MOX\JIM.C,1,1
D:\MOX\OTHERS\LOADSAVE.C,D:\MOX\OTHERS\COLXPORT.C,1,1
D:\MOX\OTHERS\LOADSAVE.C,D:\MOX\OTHERS\ERIC.C,1,1
D:\MOX\OTHERS\LOADSAVE.C,D:\MOX\OTHERS\NETMOX.C,1,1
D:\MOX\OTHERS\LOSTSHIP.C,D:\MOX\OTHERS\COMBFIND.C,1,1
D:\MOX\OTHERS\LOSTSHIP.C,D:\MOX\OTHERS\MAINSCR.C,1,1
D:\MOX\OTHERS\MAINMENU.C,D:\MOX\OTHERS\EVANHELP.C,1,1
D:\MOX\OTHERS\MAINMENU.C,D:\MOX\OTHERS\GENDRAW.C,1,1
D:\MOX\OTHERS\MAINMENU.C,D:\MOX\OTHERS\LOADSAVE.C,1,1
D:\MOX\OTHERS\MAINPUPS.C,D:\MOX\OTHERS\INVASION.C,1,1
D:\MOX\OTHERS\MAINPUPS.C,D:\MOX\OTHERS\REPORT.C,1,1
D:\MOX\OTHERS\MAINPUPS.C,D:\MOX\OTHERS\RUSS.C,1,1
D:\MOX\OTHERS\MAINSCR.C,D:\MOX\EVENTS.C,1,1
D:\MOX\OTHERS\MAINSCR.C,D:\MOX\OTHERS\CMBTDRW1.C,1,1
D:\MOX\OTHERS\MAINSCR.C,D:\MOX\OTHERS\MAINPUPS.C,1,1
D:\MOX\OTHERS\MAINSCR.C,D:\MOX\OTHERS\SCORE.C,1,1
D:\MOX\OTHERS\MAINSCR2.C,D:\MOX\OTHERS\COLLAND.C,1,1
D:\MOX\OTHERS\MAINSCR2.C,D:\MOX\OTHERS\ERIC.C,1,1
D:\MOX\OTHERS\MAINSCR2.C,D:\MOX\OTHERS\EVANHELP.C,1,1
D:\MOX\OTHERS\MAINSCR2.C,D:\MOX\OTHERS\FLEETPOP.C,1,1
D:\MOX\OTHERS\MAINSCR2.C,D:\MOX\OTHERS\GEO.C,1,1
D:\MOX\OTHERS\MAINSCR2.C,D:\MOX\OTHERS\INVASION.C,1,1
D:\MOX\OTHERS\MAINSCR2.C,D:\MOX\OTHERS\NAMESTAR.C,1,1
D:\MOX\OTHERS\MAINSCR2.C,D:\MOX\OTHERS\SETTLER.C,1,1
D:\MOX\OTHERS\MAINTAIN.C,D:\MOX\OTHERS\AIPOWER.C,1,1
D:\MOX\OTHERS\MAINTAIN.C,D:\MOX\OTHERS\HAROLD.C,1,1
D:\MOX\OTHERS\MAINTAIN.C,D:\MOX\OTHERS\MAINSCR.C,1,1
D:\MOX\OTHERS\MAINTAIN.C,D:\MOX\OTHERS\SHIPS.C,1,1
D:\MOX\OTHERS\MISC.C,D:\MOX\OTHERS\HAROLD.C,1,1
D:\MOX\OTHERS\MOVEBOX.C,D:\MOX\OTHERS\OFFICER.C,1,1
D:\MOX\OTHERS\MOVEBOX.C,D:\MOX\OTHERS\RUSS.C,1,1
D:\MOX\OTHERS\MSG.C,D:\MOX\OTHERS\AIBUILD.C,1,1
D:\MOX\OTHERS\MSG.C,D:\MOX\OTHERS\KEN.C,1,1
D:\MOX\OTHERS\MULTPLAY.C,D:\MOX\OTHERS\CHAT.C,1,1
D:\MOX\OTHERS\MULTPLAY.C,D:\MOX\OTHERS\REPORT.C,1,1
D:\MOX\OTHERS\MULTPLAY.C,D:\MOX\OTHERS\SCORE.C,1,1
D:\MOX\OTHERS\NAMESTAR.C,D:\MOX\OTHERS\RUSS.C,1,1
D:\MOX\OTHERS\NETMOX.C,D:\MOX\OTHERS\BOMB.C,1,1
D:\MOX\OTHERS\NETMOX.C,D:\MOX\OTHERS\CHAT.C,1,1
D:\MOX\OTHERS\NETMOX.C,D:\MOX\OTHERS\CMBTMOV1.C,1,1
D:\MOX\OTHERS\NETMOX.C,D:\MOX\OTHERS\COLCALC.C,1,1
D:\MOX\OTHERS\NETMOX.C,D:\MOX\OTHERS\NETTURN.C,1,1
D:\MOX\OTHERS\NETMOX.C,D:\MOX\OTHERS\REPORT.C,1,1
D:\MOX\OTHERS\NETMOX.C,L:\MOX\MOX2.C,1,1
D:\MOX\OTHERS\NETSTART.C,D:\MOX\OTHERS\COLCALC.C,1,1
D:\MOX\OTHERS\NETTURN.C,D:\MOX\OTHERS\COLCALC.C,1,1
D:\MOX\OTHERS\NETTURN.C,D:\MOX\OTHERS\COMBFIND.C,1,1
D:\MOX\OTHERS\NETTURN.C,D:\MOX\OTHERS\ERIC.C,1,1
D:\MOX\OTHERS\NETTURN.C,L:\MOX\ERICNET.C,1,1
D:\MOX\OTHERS\NETTURN.C,L:\MOX\NEXTTURN.C,1,1
D:\MOX\OTHERS\NEWGAME.C,D:\MOX\OTHERS\RACESEL.C,1,1
D:\MOX\OTHERS\NEWGAME.C,L:\MOX\MOX2.C,1,1
D:\MOX\OTHERS\NEWPUP.C,D:\MOX\FMTPARA.C,1,1
D:\MOX\OTHERS\NEWPUP.C,D:\MOX\OTHERS\COLXPORT.C,1,1
D:\MOX\OTHERS\NEWPUP.C,D:\MOX\OTHERS\ERIC.C,1,1
D:\MOX\OTHERS\NEWPUP.C,D:\MOX\OTHERS\ERICHELP.C,1,1
D:\MOX\OTHERS\NEWPUP.C,D:\MOX\OTHERS\HAROLD.C,1,1
D:\MOX\OTHERS\NEWPUP.C,D:\MOX\OTHERS\INVASION.C,1,1
D:\MOX\OTHERS\NEWPUP.C,D:\MOX\OTHERS\OFFICER.C,1,1
D:\MOX\OTHERS\NEWTECH.C,D:\MOX\OTHERS\COLCALC.C,1,1
D:\MOX\OTHERS\NEWTECH.C,D:\MOX\OTHERS\RUSS.C,1,1
D:\MOX\OTHERS\OCPOLPUP.C,D:\MOX\OTHERS\ERICHELP.C,1,1
D:\MOX\OTHERS\OCPOLPUP.C,D:\MOX\OTHERS\ESTRINGS.C,1,1
D:\MOX\OTHERS\OCPOLPUP.C,D:\MOX\OTHERS\GENDRAW.C,1,1
D:\MOX\OTHERS\OFFICER.C,D:\MOX\FMTPARA.C,1,1
D:\MOX\OTHERS\OFFICER.C,D:\MOX\OTHERS\CMBTDRW1.C,1,1
D:\MOX\OTHERS\OFFICER.C,D:\MOX\OTHERS\INITSHIP.C,1,1
D:\MOX\OTHERS\OFFICER.C,D:\MOX\OTHERS\SHIPS.C,1,1
D:\MOX\OTHERS\PLNTSUM.C,D:\MOX\OTHERS\COLCALC.C,1,1
D:\MOX\OTHERS\PLNTSUM.C,D:\MOX\OTHERS\ERIC.C,1,1
D:\MOX\OTHERS\PLNTSUM.C,D:\MOX\OTHERS\EVANHELP.C,1,1
D:\MOX\OTHERS\PLNTSUM.C,D:\MOX\OTHERS\SYS.C,1,1
D:\MOX\OTHERS\PLNTSUM.C,L:\MOX\MOX2.C,1,1
D:\MOX\OTHERS\RACEOPT.C,D:\MOX\OTHERS\MISC.C,1,1
D:\MOX\OTHERS\REPORT.C,D:\MOX\ANTAROOM.C,1,1
D:\MOX\OTHERS\REPORT.C,D:\MOX\OTHERS\COLONY.C,1,1
D:\MOX\OTHERS\REPORT.C,D:\MOX\OTHERS\ERIC.C,1,1
D:\MOX\OTHERS\REPORT.C,D:\MOX\OTHERS\RACEOPT.C,1,1
D:\MOX\OTHERS\REPORT.C,D:\MOX\OTHERS\RUSS.C,1,1
D:\MOX\OTHERS\REPORT.C,D:\MOX\SCIENCE.C,1,1
D:\MOX\OTHERS\REPORT.C,L:\MOX\ERICNET.C,1,1
D:\MOX\OTHERS\REPORT.C,L:\MOX\NEXTTURN.C,1,1
D:\MOX\OTHERS\RUSS.C,D:\MOX\OTHERS\COLBLDG.C,1,1
D:\MOX\OTHERS\RUSS.C,D:\MOX\OTHERS\COMBFIND.C,1,1
D:\MOX\OTHERS\RUSS.C,D:\MOX\OTHERS\GENDRAW.C,1,1
D:\MOX\OTHERS\RUSS.C,D:\MOX\OTHERS\INITSHIP.C,1,1
D:\MOX\OTHERS\RUSS.C,D:\MOX\OTHERS\MSG.C,1,1
D:\MOX\OTHERS\RUSS.C,D:\MOX\OTHERS\NETMOX.C,1,1
D:\MOX\OTHERS\RUSS.C,D:\MOX\OTHERS\NETSTART.C,1,1
D:\MOX\OTHERS\RUSS.C,D:\MOX\OTHERS\NETTURN.C,1,1
D:\MOX\OTHERS\RUSS.C,D:\MOX\OTHERS\REPORT.C,1,1
D:\MOX\OTHERS\SCORE.C,D:\MOX\OTHERS\RACEOPT.C,1,1
D:\MOX\OTHERS\SCORE.C,D:\MOX\OTHERS\RUSS.C,1,1
D:\MOX\OTHERS\SETTLER.C,D:\MOX\OTHERS\GEO.C,1,1
D:\MOX\OTHERS\SETTLER.C,D:\MOX\OTHERS\MSG.C,1,1
D:\MOX\OTHERS\SHIPMOVE.C,D:\MOX\OTHERS\COMBFIND.C,1,1
D:\MOX\OTHERS\SHIPMOVE.C,D:\MOX\OTHERS\MSG.C,1,1
D:\MOX\OTHERS\SHIPMOVE.C,D:\MOX\OTHERS\SHIPS.C,1,1
D:\MOX\OTHERS\SHIPS.C,D:\MOX\OTHERS\ASSERT.C,1,1
D:\MOX\OTHERS\SHIPS.C,D:\MOX\OTHERS\GEO.C,1,1
D:\MOX\OTHERS\SHIPS.C,D:\MOX\OTHERS\MISC.C,1,1
D:\MOX\OTHERS\SHIPS.C,D:\MOX\OTHERS\OFFICER.C,1,1
D:\MOX\OTHERS\SHIPS.C,D:\MOX\OTHERS\RUSS.C,1,1
D:\MOX\OTHERS\SHIPS.C,D:\MOX\OTHERS\SHIPSTAK.C,1,1
D:\MOX\OTHERS\SHIPSTAK.C,D:\MOX\OTHERS\ASSERT.C,1,1
D:\MOX\OTHERS\SHIPSTAK.C,D:\MOX\OTHERS\HAROLD.C,1,1
D:\MOX\OTHERS\SPY.C,L:\MOX\ERICNET.C,1,1
D:\MOX\OTHERS\SYS.C,D:\MOX\OTHERS\ERIC.C,1,1
D:\MOX\OTHERS\SYS.C,D:\MOX\OTHERS\MAINSCR.C,1,1
D:\MOX\OTHERS\SYS.C,D:\MOX\OTHERS\TEXTBOX.C,1,1
D:\MOX\OTHERS\SYS.C,L:\MOX\MOX2.C,1,1
D:\MOX\OTHERS\TECHINIT.C,D:\MOX\OTHERS\NEWTECH.C,1,1
D:\MOX\OTHERS\TECHINIT.C,L:\MOX\LOADER.C,1,1
D:\MOX\OTHERS\TEXTBOX.C,D:\MOX\OTHERS\HAROLD.C,1,1
D:\MOX\RACERPRT.C,D:\MOX\BILLHELP.C,1,1
D:\MOX\RACERPRT.C,D:\MOX\FMTPARA.C,1,1
D:\MOX\RACERPRT.C,D:\MOX\INFO.C,1,1
D:\MOX\RACESCRN.C,D:\MOX\BILLHELP.C,1,1
D:\MOX\RACESCRN.C,D:\MOX\FMTPARA.C,1,1
D:\MOX\RACESCRN.C,D:\MOX\OTHERS\SPY.C,1,1
D:\MOX\RACESCRN.C,D:\MOX\RACERPRT.C,1,1
D:\MOX\SCIENCE.C,D:\MOX\OTHERS\RUSS.C,1,1
D:\MOX\SCIENCE.C,D:\MOX\OTHERS\TEXTBOX.C,1,1
D:\MOX\SCIENCE.C,D:\MOX\TECH.C,1,1
D:\MOX\SMACK.C,D:\MOX\JIM.C,1,1
D:\MOX\TECH.C,D:\MOX\OTHERS\COLONY.C,1,1
D:\MOX\TECH.C,D:\MOX\SCIENCE.C,1,1
D:\MOX\TURNSUM.C,D:\MOX\BILL.C,1,1
D:\MOX\TURNSUM.C,D:\MOX\BILLHELP.C,1,1
D:\MOX\TURNSUM.C,D:\MOX\FMTPARA.C,1,1
D:\MOX\TURNSUM.C,D:\MOX\OTHERS\MAINSCR.C,1,1
L:\MOX\ERICNET.C,D:\MOX\OTHERS\ASSERT.C,1,1
L:\MOX\ERICNET.C,D:\MOX\OTHERS\COLONY.C,1,1
L:\MOX\ERICNET.C,D:\MOX\OTHERS\HACCESS.C,1,1
L:\MOX\ERICNET.C,D:\MOX\OTHERS\INITSHIP.C,1,1
L:\MOX\ERICNET.C,D:\MOX\OTHERS\RUSS.C,1,1
L:\MOX\ERICNET.C,L:\MOX\INITGAME.C,1,1
L:\MOX\FILEDEF.C,D:\MOX\BILL.C,1,1
L:\MOX\FILEDEF.C,D:\MOX\OTHERS\COLCALC.C,1,1
L:\MOX\FILEDEF.C,D:\MOX\OTHERS\FLEETPOP.C,1,1
L:\MOX\FILEDEF.C,D:\MOX\OTHERS\MAPGEN.C,1,1
L:\MOX\FILEDEF.C,D:\MOX\OTHERS\MOVEBOX.C,1,1
L:\MOX\INITGAME.C,D:\MOX\DIPLOMAC.C,1,1
L:\MOX\INITGAME.C,D:\MOX\OTHERS\COLONIZE.C,1,1
L:\MOX\INITGAME.C,D:\MOX\OTHERS\FLT2.C,1,1
L:\MOX\INITGAME.C,D:\MOX\OTHERS\HACCESS.C,1,1
L:\MOX\INITGAME.C,D:\MOX\OTHERS\MSG.C,1,1
L:\MOX\INITGAME.C,D:\MOX\OTHERS\MULTPLAY.C,1,1
L:\MOX\INITGAME.C,D:\MOX\OTHERS\REPORT.C,1,1
L:\MOX\INITGAME.C,D:\MOX\OTHERS\TECHINIT.C,1,1
L:\MOX\INITGAME.C,D:\MOX\OTHERS\TRADE.C,1,1
L:\MOX\INITGAME.C,D:\MOX\RACECUST.C,1,1
L:\MOX\LOADER.C,D:\MOX\OTHERS\COLONY.C,1,1
L:\MOX\LOADER.C,D:\MOX\OTHERS\TECHINIT.C,1,1
L:\MOX\MOX2.C,D:\MOX\INFO.C,1,1
L:\MOX\MOX2.C,D:\MOX\OTHERS\COLBLDG.C,1,1
L:\MOX\MOX2.C,D:\MOX\OTHERS\COLLAND.C,1,1
L:\MOX\MOX2.C,D:\MOX\OTHERS\COLONY.C,1,1
L:\MOX\MOX2.C,D:\MOX\OTHERS\COLSUM.C,1,1
L:\MOX\MOX2.C,D:\MOX\OTHERS\DESIGN.C,1,1
L:\MOX\MOX2.C,D:\MOX\OTHERS\ESTRINGS.C,1,1
L:\MOX\MOX2.C,D:\MOX\OTHERS\FLT1.C,1,1
L:\MOX\MOX2.C,D:\MOX\OTHERS\HOTPOP.C,1,1
L:\MOX\MOX2.C,D:\MOX\OTHERS\KEN.C,1,1
L:\MOX\MOX2.C,D:\MOX\OTHERS\LOADSAVE.C,1,1
L:\MOX\MOX2.C,D:\MOX\OTHERS\MAINMENU.C,1,1
L:\MOX\MOX2.C,D:\MOX\OTHERS\MAINSCR.C,1,1
L:\MOX\MOX2.C,D:\MOX\OTHERS\MISC.C,1,1
L:\MOX\MOX2.C,D:\MOX\OTHERS\NETTURN.C,1,1
L:\MOX\MOX2.C,D:\MOX\OTHERS\OFFICER.C,1,1
L:\MOX\MOX2.C,D:\MOX\OTHERS\PLNTSUM.C,1,1
L:\MOX\MOX2.C,D:\MOX\OTHERS\SCORE.C,1,1
L:\MOX\MOX2.C,D:\MOX\RACESCRN.C,1,1
L:\MOX\MOX2.C,D:\MOX\TECH.C,1,1
L:\MOX\MOX2.C,D:\MOX\TURNSUM.C,1,1
L:\MOX\MOX2.C,L:\MOX\ALLOC.C,1,1
L:\MOX\MOX2.C,L:\MOX\LOADER.C,1,1
L:\MOX\MOX2.C,L:\MOX\NEXTTURN.C,1,1
L:\MOX\NEXTTURN.C,D:\MOX\BILL.C,1,1
L:\MOX\NEXTTURN.C,D:\MOX\COUNCIL.C,1,1
L:\MOX\NEXTTURN.C,D:\MOX\NPCDIPLO.C,1,1
L:\MOX\NEXTTURN.C,D:\MOX\OTHERS\AIBUILD.C,1,1
L:\MOX\NEXTTURN.C,D:\MOX\OTHERS\AIDUDES.C,1,1
L:\MOX\NEXTTURN.C,D:\MOX\OTHERS\AILEADER.C,1,1
L:\MOX\NEXTTURN.C,D:\MOX\OTHERS\AIMOVE.C,1,1
L:\MOX\NEXTTURN.C,D:\MOX\OTHERS\ANTARANS.C,1,1
L:\MOX\NEXTTURN.C,D:\MOX\OTHERS\COMBFIND.C,1,1
L:\MOX\NEXTTURN.C,D:\MOX\OTHERS\CONTACT.C,1,1
L:\MOX\NEXTTURN.C,D:\MOX\OTHERS\HAROLD.C,1,1
L:\MOX\NEXTTURN.C,D:\MOX\OTHERS\INITSHIP.C,1,1
L:\MOX\NEXTTURN.C,D:\MOX\OTHERS\INVASION.C,1,1
L:\MOX\NEXTTURN.C,D:\MOX\OTHERS\LOSTSHIP.C,1,1
L:\MOX\NEXTTURN.C,D:\MOX\OTHERS\MAINTAIN.C,1,1
L:\MOX\NEXTTURN.C,D:\MOX\OTHERS\REPORT.C,1,1
L:\MOX\NEXTTURN.C,D:\MOX\OTHERS\SETTLER.C,1,1
L:\MOX\NEXTTURN.C,D:\MOX\OTHERS\SPY.C,1,1
L:\MOX\NEXTTURN.C,D:\MOX\OTHERS\TRADE.C,1,1
L:\MOX\NEXTTURN.C,L:\MOX\ERICNET.C,1,1
L:\MOX\NEXTTURN.C,L:\MOX\FILEDEF.C,1,1
L:\MOX\NEXTTURN.C,L:\MOX\MOX2.C,1,1
