site_offset,site_hex,function,slot_offset,slot_hex,width,slot_symbols,classification
1049118,0x10021e,Screen_Flic_Capture_,266760,0x41208,DWORD,_Restore_Mouse,named runtime/static callback slot
1049397,0x100335,Screen_Flic_Capture_,276648,0x438a8,DWORD,_Set_Bank_Read,named runtime/static callback slot
1086232,0x109318,Invoke_Saved_Auto_Function_,231492,0x38844,DWORD,_function2,named runtime/static callback slot
1134264,0x114eb8,Copy_Off_To_On_,276616,0x43888,DWORD,_Copy_Off_To_On_Page,named runtime/static callback slot
1134392,0x114f38,Toggle_Pages_,276636,0x4389c,DWORD,_Full_Screen_Dump,named runtime/static callback slot
1134411,0x114f4b,Toggle_Pages_,276628,0x43894,DWORD,_Switch_Video_Pages,named runtime/static callback slot
1134464,0x114f80,Toggle_Pages_,266764,0x4120c,DWORD,_Save_Mouse,named runtime/static callback slot
1134470,0x114f86,Toggle_Pages_,266768,0x41210,DWORD,_Draw_Mouse,named runtime/static callback slot
1134591,0x114fff,Toggle_Pages_,276632,0x43898,DWORD,_Masked_Screen_Dump,named runtime/static callback slot
1134599,0x115007,Toggle_Pages_,276640,0x438a0,DWORD,_Partial_Screen_Dump,named runtime/static callback slot
1136024,0x115598,Cls_On_,276644,0x438a4,DWORD,_Set_Bank_Write,named runtime/static callback slot
1136063,0x1155bf,Cls_On_,276644,0x438a4,DWORD,_Set_Bank_Write,named runtime/static callback slot
1136170,0x11562a,Full_Screen_Dump_Hi_Res_,276644,0x438a4,DWORD,_Set_Bank_Write,named runtime/static callback slot
1136216,0x115658,Full_Screen_Dump_Hi_Res_,276644,0x438a4,DWORD,_Set_Bank_Write,named runtime/static callback slot
1136343,0x1156d7,Masked_Screen_Dump_Hi_Res_,276644,0x438a4,DWORD,_Set_Bank_Write,named runtime/static callback slot
1136424,0x115728,Masked_Screen_Dump_Hi_Res_,276644,0x438a4,DWORD,_Set_Bank_Write,named runtime/static callback slot
1136552,0x1157a8,Masked_Screen_Dump_Hi_Res_,276644,0x438a4,DWORD,_Set_Bank_Write,named runtime/static callback slot
1136724,0x115854,Partial_Screen_Dump_Hi_Res_,276644,0x438a4,DWORD,_Set_Bank_Write,named runtime/static callback slot
1136907,0x11590b,Partial_Screen_Dump_Hi_Res_,276644,0x438a4,DWORD,_Set_Bank_Write,named runtime/static callback slot
1136954,0x11593a,Partial_Screen_Dump_Hi_Res_,276644,0x438a4,DWORD,_Set_Bank_Write,named runtime/static callback slot
1137166,0x115a0e,Partial_Screen_Dump_Hi_Res_,276644,0x438a4,DWORD,_Set_Bank_Write,named runtime/static callback slot
1137214,0x115a3e,Partial_Screen_Dump_Hi_Res_,276644,0x438a4,DWORD,_Set_Bank_Write,named runtime/static callback slot
1137426,0x115b12,Partial_Screen_Dump_Hi_Res_,276644,0x438a4,DWORD,_Set_Bank_Write,named runtime/static callback slot
1137474,0x115b42,Partial_Screen_Dump_Hi_Res_,276644,0x438a4,DWORD,_Set_Bank_Write,named runtime/static callback slot
1137686,0x115c16,Partial_Screen_Dump_Hi_Res_,276644,0x438a4,DWORD,_Set_Bank_Write,named runtime/static callback slot
1137734,0x115c46,Partial_Screen_Dump_Hi_Res_,276644,0x438a4,DWORD,_Set_Bank_Write,named runtime/static callback slot
1139535,0x11634f,Copy_Off_To_On_Hi_Res_,276644,0x438a4,DWORD,_Set_Bank_Write,named runtime/static callback slot
1139642,0x1163ba,Copy_Off_To_On_Hi_Res_,276644,0x438a4,DWORD,_Set_Bank_Write,named runtime/static callback slot
1139687,0x1163e7,Copy_Off_To_On_Hi_Res_,276644,0x438a4,DWORD,_Set_Bank_Write,named runtime/static callback slot
1139725,0x11640d,Save_Video_State_Hi_Res_,276620,0x4388c,DWORD,_Get_Bank_Write,named runtime/static callback slot
1139760,0x116430,Restore_Video_State_Hi_Res_,276644,0x438a4,DWORD,_Set_Bank_Write,named runtime/static callback slot
1159411,0x11b0f3,Draw_Animated_Sprite_On_Page_,276644,0x438a4,DWORD,_Set_Bank_Write,named runtime/static callback slot
1159767,0x11b257,Draw_Animated_Sprite_On_Page_,276644,0x438a4,DWORD,_Set_Bank_Write,named runtime/static callback slot
1160035,0x11b363,Draw_Screen_Background_On_,276644,0x438a4,DWORD,_Set_Bank_Write,named runtime/static callback slot
1160571,0x11b57b,Draw_Glassed_Screen_Background_On_,276644,0x438a4,DWORD,_Set_Bank_Write,named runtime/static callback slot
1164526,0x11c4ee,New09_Handler_,279260,0x442dc,FWORD,_Old_Int09,named runtime/static callback slot
1241847,0x12f2f7,exit_,51784,0xca48,DWORD,___atexit,named runtime/static callback slot
1241853,0x12f2fd,exit_,51788,0xca4c,DWORD,___int23_exit,named runtime/static callback slot
1241871,0x12f30f,_exit_,51788,0xca4c,DWORD,___int23_exit,named runtime/static callback slot
1241877,0x12f315,_exit_,51792,0xca50,DWORD,___FPE_handler_exit,named runtime/static callback slot
1272461,0x136a8d,float_format_,75080,0x12548,DWORD,___EFG_printf,named runtime/static callback slot
1284885,0x139b15,MSSWINSMACKTIMERREAD,310306,0x4bc22,FWORD,_mssaddr,named runtime/static callback slot
1285862,0x139ee6,MSSLOWSOUNDPLAYED,75180,0x125ac,DWORD,_SmackTimerReadAddr,named runtime/static callback slot
1285992,0x139f68,MSSLOWSOUNDCHECK,75180,0x125ac,DWORD,_SmackTimerReadAddr,named runtime/static callback slot
1286314,0x13a0aa,SMACKWAIT,310324,0x4bc34,DWORD,_LowSoundCheckAddr,named runtime/static callback slot
1286366,0x13a0de,SMACKWAIT,310328,0x4bc38,DWORD,_LowSoundPlayedAddr,named runtime/static callback slot
1286432,0x13a120,SMACKWAIT,75180,0x125ac,DWORD,_SmackTimerReadAddr,named runtime/static callback slot
1286585,0x13a1b9,SMACKSOUNDCHECK,310324,0x4bc34,DWORD,_LowSoundCheckAddr,named runtime/static callback slot
1286898,0x13a2f2,SMACKTOBUFFERRECT,310324,0x4bc34,DWORD,_LowSoundCheckAddr,named runtime/static callback slot
1286938,0x13a31a,SMACKTOBUFFERRECT,75180,0x125ac,DWORD,_SmackTimerReadAddr,named runtime/static callback slot
1290775,0x13b217,SMACKNEXTFRAME,310324,0x4bc34,DWORD,_LowSoundCheckAddr,named runtime/static callback slot
1290902,0x13b296,SMACKNEXTFRAME,310324,0x4bc34,DWORD,_LowSoundCheckAddr,named runtime/static callback slot
1290945,0x13b2c1,SMACKSUMMARY,75180,0x125ac,DWORD,_SmackTimerReadAddr,named runtime/static callback slot
1291211,0x13b3cb,timeframe_,75180,0x125ac,DWORD,_SmackTimerReadAddr,named runtime/static callback slot
1291359,0x13b45f,timeframe_,75180,0x125ac,DWORD,_SmackTimerReadAddr,named runtime/static callback slot
1291413,0x13b495,timeframe_,75180,0x125ac,DWORD,_SmackTimerReadAddr,named runtime/static callback slot
1291492,0x13b4e4,SMACKDOFRAME,75180,0x125ac,DWORD,_SmackTimerReadAddr,named runtime/static callback slot
1291666,0x13b592,SMACKDOFRAME,310324,0x4bc34,DWORD,_LowSoundCheckAddr,named runtime/static callback slot
1291753,0x13b5e9,doskip_,310328,0x4bc38,DWORD,_LowSoundPlayedAddr,named runtime/static callback slot
1292067,0x13b723,soundnext_,310324,0x4bc34,DWORD,_LowSoundCheckAddr,named runtime/static callback slot
1292504,0x13b8d8,SMACKCLOSE,310332,0x4bc3c,DWORD,_LowSoundCloseAddr,named runtime/static callback slot
1292774,0x13b9e6,SMACKCLOSE,333872,0x51830,DWORD,_SmackTimerDoneAddr,named runtime/static callback slot
1293405,0x13bc5d,SMACKOPEN,75192,0x125b8,DWORD,_SmackTimerSetupAddr,named runtime/static callback slot
1293411,0x13bc63,SMACKOPEN,75180,0x125ac,DWORD,_SmackTimerReadAddr,named runtime/static callback slot
1293518,0x13bcce,SMACKOPEN,333872,0x51830,DWORD,_SmackTimerDoneAddr,named runtime/static callback slot
1296070,0x13c6c6,soundopen_,69988,0x11164,DWORD,_LowSoundOpenAddr,named runtime/static callback slot
1297220,0x13cb44,gotoframe_,310320,0x4bc30,DWORD,_LowSoundPurgeAddr,named runtime/static callback slot
1297770,0x13cd6a,blockread_,75180,0x125ac,DWORD,_SmackTimerReadAddr,named runtime/static callback slot
1298079,0x13ce9f,blockread_,310324,0x4bc34,DWORD,_LowSoundCheckAddr,named runtime/static callback slot
1298381,0x13cfcd,blockread_,75180,0x125ac,DWORD,_SmackTimerReadAddr,named runtime/static callback slot
1298394,0x13cfda,blockread_,75180,0x125ac,DWORD,_SmackTimerReadAddr,named runtime/static callback slot
1298486,0x13d036,backgroundload_,75180,0x125ac,DWORD,_SmackTimerReadAddr,named runtime/static callback slot
1298656,0x13d0e0,backgroundload_,75180,0x125ac,DWORD,_SmackTimerReadAddr,named runtime/static callback slot
1298668,0x13d0ec,backgroundload_,75180,0x125ac,DWORD,_SmackTimerReadAddr,named runtime/static callback slot
1301289,0x13db29,scan_float_,75084,0x1254c,DWORD,___EFG_scanf,named runtime/static callback slot
1303571,0x13e413,HandleUserMessage_,310376,0x4bc68,DWORD,_recFunc,named runtime/static callback slot
1306206,0x13ee5e,Modem_Update_,291720,0x47388,DWORD,_modemUserRecFunc,named runtime/static callback slot
1320635,0x1426bb,HMInputLine_,77012,0x12cd4,DWORD,__AbortModemFunctionPtr,named runtime/static callback slot
1320674,0x1426e2,HMInputLine_,71624,0x117c8,DWORD,_hm_character_printer,named runtime/static callback slot
1320712,0x142708,HMInputLine_,77016,0x12cd8,DWORD,__PortIdleFunctionPtr,named runtime/static callback slot
1327294,0x1440be,_MEM_alloc_lock,71780,0x11864,DWORD,_MEM_alloc,named runtime/static callback slot
1327386,0x14411a,_MEM_free_lock,71784,0x11868,DWORD,_MEM_free,named runtime/static callback slot
1328597,0x1445d5,_DLL_load,71780,0x11864,DWORD,_MEM_alloc,named runtime/static callback slot
1340661,0x1474f5,_AIL_API_install_DIG_driver_file,71784,0x11868,DWORD,_MEM_free,named runtime/static callback slot
1351731,0x14a033,_XMI_construct_MDI_driver,71780,0x11864,DWORD,_MEM_alloc,named runtime/static callback slot
1352581,0x14a385,_AIL_API_install_MDI_driver_file,71784,0x11868,DWORD,_MEM_free,named runtime/static callback slot
1361909,0x14c7f5,DEFWINSMACKTIMERREAD,333878,0x51836,FWORD,_snaddr,named runtime/static callback slot
1368519,0x14e1c7,timer_,77016,0x12cd8,DWORD,__PortIdleFunctionPtr,named runtime/static callback slot
1368553,0x14e1e9,PortKillTime_,77016,0x12cd8,DWORD,__PortIdleFunctionPtr,named runtime/static callback slot
1389193,0x153289,abort_,77128,0x12d48,DWORD,___abort,named runtime/static callback slot
1391940,0x153d44,__FPE2Handler_,51757,0xca2d,DWORD,__FPE_handler;___FPE_handler,named runtime/static callback slot
