module_index,module,kind,segment,linker_offset,size,name,local_count,locals
135,F:\WLIBS\flicplay\capture.c,0x24,1,1049072,2316,Screen_Flic_Capture,19,)ronnie;1inregs;1outregs;mode;color;old_bank;start_x;start_y;dumb_number;offset;i;new_bank;flag;5header;count;6palette;7file_name;8file_buffer2;file_num
135,F:\WLIBS\flicplay\capture.c,0x24,1,1051388,56,B_Key,0,
135,F:\WLIBS\flicplay\capture.c,0x24,1,1051444,40,Release_Version,0,
135,F:\WLIBS\flicplay\capture.c,0x24,1,1051484,45,Check_Release_Version,0,
136,F:\WLIBS\allocate\allocate.c,0x24,1,1051529,160,Allocate_Space,4,size;name;0header;lsize
136,F:\WLIBS\allocate\allocate.c,0x24,1,1051689,57,Get_Max_Block_Space,2,0block;0header
136,F:\WLIBS\allocate\allocate.c,0x24,1,1051746,140,Allocate_Dos_Space,4,size;name;0header;lsize
136,F:\WLIBS\allocate\allocate.c,0x24,1,1051886,78,Allocate_First_Block,4,0block;size;name;0header
136,F:\WLIBS\allocate\allocate.c,0x24,1,1051964,194,Allocate_Next_Block,6,0block;size;name;0header;0block_header;lsize
136,F:\WLIBS\allocate\allocate.c,0x24,1,1052158,56,Allocate_Far_Space,2,size;name
136,F:\WLIBS\allocate\allocate.c,0x24,1,1052214,141,Allocate_Dos_Data_Space,5,size;name;i;:inregs;:outregs
136,F:\WLIBS\allocate\allocate.c,0x24,1,1052355,119,Allocation_Error,4,size;i;max_far_size;temp
136,F:\WLIBS\allocate\allocate.c,0x24,1,1052474,79,Reallocation_Error,6,size;short_by;max;i;max_far_size;temp
136,F:\WLIBS\allocate\allocate.c,0x24,1,1052553,94,Linear_Free,4,i;:inregs;:outregs;>buffer
136,F:\WLIBS\allocate\allocate.c,0x24,1,1052647,169,Check_Free,3,i;max_far_size;temp
136,F:\WLIBS\allocate\allocate.c,0x24,1,1052816,161,Dos_Free,4,select;i;:inregs;:outregs
136,F:\WLIBS\allocate\allocate.c,0x24,1,1052977,87,Allocate_Space_No_Header,2,size;name
136,F:\WLIBS\allocate\allocate.c,0x24,1,1053064,78,Allocate_First_Block_No_Header,4,0block;size;name;0header
136,F:\WLIBS\allocate\allocate.c,0x24,1,1053142,166,Allocate_Next_Block_No_Header,6,0block;size;name;0header;0block_header;lsize
136,F:\WLIBS\allocate\allocate.c,0x24,1,1053308,56,Mark_Block,2,0block;0header
136,F:\WLIBS\allocate\allocate.c,0x24,1,1053364,56,Release_Block,2,0block;0header
136,F:\WLIBS\allocate\allocate.c,0x24,1,1053420,108,Push_Block,2,0block;0header
136,F:\WLIBS\allocate\allocate.c,0x24,1,1053528,58,Save_Pushed_Blocks,1,+saved_blocks
136,F:\WLIBS\allocate\allocate.c,0x24,1,1053586,58,Restore_Pushed_Blocks,1,+saved_blocks
136,F:\WLIBS\allocate\allocate.c,0x24,1,1053644,100,Pop_Block,2,0block;0header
136,F:\WLIBS\allocate\allocate.c,0x24,1,1053744,105,Check_For_Pushed_Block,2,0block;i
136,F:\WLIBS\allocate\allocate.c,0x24,1,1053849,62,Get_Remaining_Block_Space,2,0block;0header
137,F:\WLIBS\dos\dos.c,0x24,1,1053911,122,DIR,3,(match_string;(found_file;rc
137,F:\WLIBS\dos\dos.c,0x24,1,1054033,191,DIR_DIR,4,(match_string;(found_file;rc;attr
137,F:\WLIBS\dos\dos.c,0x24,1,1054224,80,LOF,2,(file_name;rc
137,F:\WLIBS\dos\dos.c,0x24,1,1054304,259,Time_Stamp,3,(file_name;rc;time
137,F:\WLIBS\dos\dos.c,0x24,1,1054563,92,Disk_Free,2,/disk_info;size
137,F:\WLIBS\dos\dos.c,0x24,1,1054655,44,Delete_File,1,(filename
137,F:\WLIBS\dos\dos.c,0x24,1,1054699,49,Current_Dir,1,(filename
137,F:\WLIBS\dos\dos.c,0x24,1,1054748,78,File_Exists,2,(filename;'ffblk
137,F:\WLIBS\dos\dos.c,0x24,1,1054826,161,Get_Open_File_Count,3,7fptr;8full_file_path;file_count
138,F:\WLIBS\sound\sound.c,0x24,1,1054987,39,Set_Sound_File,1,!filename
138,F:\WLIBS\sound\sound.c,0x24,1,1055026,39,Set_Music_File,1,!filename
138,F:\WLIBS\sound\sound.c,0x24,1,1055065,101,Set_Audio_Buffer,1,buffer
138,F:\WLIBS\sound\sound.c,0x24,1,1055166,196,sampleCallback,4,nsample;i;j;state
138,F:\WLIBS\sound\sound.c,0x24,1,1055362,75,xmiCallback,2,{sequence;i
138,F:\WLIBS\sound\sound.c,0x24,1,1055437,21,Ail_Timer,0,
138,F:\WLIBS\sound\sound.c,0x24,1,1055458,149,getFreeSampleHandle,1,i
138,F:\WLIBS\sound\sound.c,0x24,1,1055607,95,getFreeSoundIndex,1,i
138,F:\WLIBS\sound\sound.c,0x24,1,1055702,205,mergeFreeBlocks,3,i;si;nextSi
138,F:\WLIBS\sound\sound.c,0x24,1,1055907,205,mergeDoneBlocks,3,i;si;nextSi
138,F:\WLIBS\sound\sound.c,0x24,1,1056112,462,allocateSoundBlock,7,handle;num;size;x;i;si;siNum
138,F:\WLIBS\sound\sound.c,0x24,1,1056574,541,Audio_Init,2,i; h
138,F:\WLIBS\sound\sound.c,0x24,1,1057115,95,Audio_Uninit,0,
138,F:\WLIBS\sound\sound.c,0x24,1,1057210,175,Audio_Clear_Cache,1,i
138,F:\WLIBS\sound\sound.c,0x24,1,1057385,51,Sound_On,0,
138,F:\WLIBS\sound\sound.c,0x24,1,1057436,36,Sound_Off,0,
138,F:\WLIBS\sound\sound.c,0x24,1,1057472,217,Play_Sound_Buffer,2,voc;handle
138,F:\WLIBS\sound\sound.c,0x24,1,1057689,701,Play_Sound,5,num;i;recordSize;!playBlock;handle
138,F:\WLIBS\sound\sound.c,0x24,1,1058390,48,Get_Sound_Max_Volume,0,
138,F:\WLIBS\sound\sound.c,0x24,1,1058438,216,Set_Sound_Max_Volume,2,volume_percent;i
138,F:\WLIBS\sound\sound.c,0x24,1,1058654,69,Restart_Sound,1,handle
138,F:\WLIBS\sound\sound.c,0x24,1,1058723,115,Stop_Sound,1,handle
138,F:\WLIBS\sound\sound.c,0x24,1,1058838,65,Stop_All_Sounds,1,i
138,F:\WLIBS\sound\sound.c,0x24,1,1058903,82,Resume_Sound,1,handle
138,F:\WLIBS\sound\sound.c,0x24,1,1058985,65,Resume_All_Sounds,1,i
138,F:\WLIBS\sound\sound.c,0x24,1,1059050,179,Is_Sound_Playing,3,num;i;j
138,F:\WLIBS\sound\sound.c,0x24,1,1059229,93,Get_Sound_Volume,1,handle
138,F:\WLIBS\sound\sound.c,0x24,1,1059322,98,Set_Sound_Volume,2,handle;volume
138,F:\WLIBS\sound\sound.c,0x24,1,1059420,170,Set_Sound_Volume_All,2,volume;i
138,F:\WLIBS\sound\sound.c,0x24,1,1059590,86,Get_Sound_Pan,1,handle
138,F:\WLIBS\sound\sound.c,0x24,1,1059676,98,Set_Sound_Pan,2,handle;potpos
138,F:\WLIBS\sound\sound.c,0x24,1,1059774,107,Set_Sound_Pan_All,2,potpos;i
138,F:\WLIBS\sound\sound.c,0x24,1,1059881,109,Loop_Sound,2,s;num_loops
138,F:\WLIBS\sound\sound.c,0x24,1,1059990,67,Fadeout_Sound,2,s;dec_val
138,F:\WLIBS\sound\sound.c,0x24,1,1060057,118,Pitch_Bend_Sound,3,s;bend;rate
138,F:\WLIBS\sound\sound.c,0x24,1,1060175,51,Music_On,0,
138,F:\WLIBS\sound\sound.c,0x24,1,1060226,36,Music_Off,0,
138,F:\WLIBS\sound\sound.c,0x24,1,1060262,105,Play_Music_Buffer,2,buffer;error
138,F:\WLIBS\sound\sound.c,0x24,1,1060367,453,Play_Music,4,num;i;recordSize;!playBlock
138,F:\WLIBS\sound\sound.c,0x24,1,1060820,44,Stop_Music,0,
138,F:\WLIBS\sound\sound.c,0x24,1,1060864,44,Resume_Music,0,
138,F:\WLIBS\sound\sound.c,0x24,1,1060908,82,Set_Music_Volume,1,volume
138,F:\WLIBS\sound\sound.c,0x24,1,1060990,61,Get_Music_Volume,0,
138,F:\WLIBS\sound\sound.c,0x24,1,1061051,53,Loop_Music,1,num_loops
138,F:\WLIBS\sound\sound.c,0x24,1,1061104,59,Fade_Music_Down,1,seconds
138,F:\WLIBS\sound\sound.c,0x24,1,1061163,59,Fade_Music_Up,1,seconds
138,F:\WLIBS\sound\sound.c,0x24,1,1061222,85,Is_Music_Playing,0,
138,F:\WLIBS\sound\sound.c,0x24,1,1061307,53,Register_Music_Callback,1,callback
138,F:\WLIBS\sound\sound.c,0x24,1,1061360,645,Sound_Update,5,i;vol;len;b;done
138,F:\WLIBS\sound\sound.c,0x24,1,1062005,597,Play_Sound_File,4,!filename;alt_path; t;s
138,F:\WLIBS\sound\sound.c,0x24,1,1062602,34,Loop_Sound_File,1,loops
138,F:\WLIBS\sound\sound.c,0x24,1,1062636,121,Set_Stream_Filename,3,!filename;i;multiplier
138,F:\WLIBS\sound\sound.c,0x24,1,1062757,699,Play_Stream_Vol,5,num;vol;alt_path; t;s
138,F:\WLIBS\sound\sound.c,0x24,1,1063456,46,Play_Stream,1,num
138,F:\WLIBS\sound\sound.c,0x24,1,1063502,164,Stop_Stream,0,
138,F:\WLIBS\sound\sound.c,0x24,1,1063666,100,Set_Stream_Volume,1,volume
138,F:\WLIBS\sound\sound.c,0x24,1,1063766,86,Get_Stream_Volume,1,volume
138,F:\WLIBS\sound\sound.c,0x24,1,1063852,34,Loop_Stream,1,num_loops
138,F:\WLIBS\sound\sound.c,0x24,1,1063886,90,Is_Stream_Playing,0,
138,F:\WLIBS\sound\sound.c,0x24,1,1063976,67,Fade_Stream_Down,1,dec_val
138,F:\WLIBS\sound\sound.c,0x24,1,1064043,48,Set_Stream_Max_Volume,1,volume_percent
138,F:\WLIBS\sound\sound.c,0x24,1,1064091,34,Get_Stream_Max_Volume,0,
138,F:\WLIBS\sound\sound.c,0x24,1,1064125,62,Fade_Stream_Up,1,inc_val
138,F:\WLIBS\sound\sound.c,0x24,1,1064187,40,Stream_On,0,
138,F:\WLIBS\sound\sound.c,0x24,1,1064227,36,Stream_Off,0,
139,F:\WLIBS\init\init.c,0x24,1,1064263,118,Init_Drivers,2,video_mode;font_file
139,F:\WLIBS\init\init.c,0x24,1,1064381,75,Reset_System,1,re_entrant_reset_system_flag
139,F:\WLIBS\init\init.c,0x24,1,1064456,93,Create_IO_Buffer,1,seg_start
140,F:\WLIBS\fields\fields.c,0x24,1,1064549,45,Get_Field_Counter,0,
140,F:\WLIBS\fields\fields.c,0x24,1,1064594,40,Disable_Cancel,0,
140,F:\WLIBS\fields\fields.c,0x24,1,1064634,40,Enable_Cancel,0,
140,F:\WLIBS\fields\fields.c,0x24,1,1064674,40,Disable_Mouse_Wait,0,
140,F:\WLIBS\fields\fields.c,0x24,1,1064714,40,Enable_Mouse_Wait,0,
140,F:\WLIBS\fields\fields.c,0x24,1,1064754,45,Pressed_Mouse_X,0,
140,F:\WLIBS\fields\fields.c,0x24,1,1064799,45,Pressed_Mouse_Y,0,
140,F:\WLIBS\fields\fields.c,0x24,1,1064844,45,Auto_Input,3,dx;dy;d2
140,F:\WLIBS\fields\fields.c,0x24,1,1064889,446,Scan_Field,8,x;y;i;current_field;xmin;ymin;xmax;ymax
140,F:\WLIBS\fields\fields.c,0x24,1,1065335,479,Scan_Input,8,x;y;i;current_field;xmin;ymin;xpos;ypos
140,F:\WLIBS\fields\fields.c,0x24,1,1065814,53,Read_Character,0,
140,F:\WLIBS\fields\fields.c,0x24,1,1065867,408,Add_Hidden_Field,6,xmin;ymin;xmax;ymax;hotkey;button_sound
140,F:\WLIBS\fields\fields.c,0x24,1,1066275,474,Add_Circle_Field,5,x;y;radius;hotkey;button_sound
140,F:\WLIBS\fields\fields.c,0x24,1,1066749,771,Add_Clipped_Circle_Field,9,x;y;radius;hotkey;button_sound;xmin;xmax;ymin;ymax
140,F:\WLIBS\fields\fields.c,0x24,1,1067520,626,Add_Clipped_Hidden_Field,6,xmin;ymin;xmax;ymax;select_char;button_sound
140,F:\WLIBS\fields\fields.c,0x24,1,1068146,344,Add_Hot_Key,1,select_char
140,F:\WLIBS\fields\fields.c,0x24,1,1068490,496,Add_Grid_Field,9,xmin;ymin;box_width;box_height;horizontal_count;vertical_count;)xpos;)ypos;button_sound
140,F:\WLIBS\fields\fields.c,0x24,1,1068986,502,Add_Button_Info,6,xmin;ymin;string;pict_seg;hotkey;button_sound
140,F:\WLIBS\fields\fields.c,0x24,1,1069488,139,Add_Button_Field,6,xmin;ymin;string;pict_seg;hotkey;button_sound
140,F:\WLIBS\fields\fields.c,0x24,1,1069627,164,Add_Radio_Button_Field,7,xmin;ymin;string;pict_seg;)variable;hotkey;button_sound
140,F:\WLIBS\fields\fields.c,0x24,1,1069791,164,Add_Locked_Button_Field,7,xmin;ymin;string;pict_seg;)variable;hotkey;button_sound
140,F:\WLIBS\fields\fields.c,0x24,1,1069955,190,Add_Multi_Button_Field,8,xmin;ymin;string;pict_seg;)variable;set_value;hotkey;button_sound
140,F:\WLIBS\fields\fields.c,0x24,1,1070145,55,Set_Button_Down_Offsets,2,x;y
140,F:\WLIBS\fields\fields.c,0x24,1,1070200,618,Add_Scroll_Field,11,xmin;ymin;min_value;max_value;min_valid;max_valid;width;height; )variable;hotkey;button_sound
140,F:\WLIBS\fields\fields.c,0x24,1,1070818,690,Find_Bar_Position,5,field_num;pos;width;bar_value;value
140,F:\WLIBS\fields\fields.c,0x24,1,1071508,300,Increment_Scroll_Bar,5,field_num;percent;width;bar_value;value
140,F:\WLIBS\fields\fields.c,0x24,1,1071808,298,Decrement_Scroll_Bar,5,field_num;percent;width;bar_value;value
140,F:\WLIBS\fields\fields.c,0x24,1,1072106,593,Add_Continuous_String_Input_Field,13,xmin;ymin;width;height;string;max_characters;fill_color;marker_picture;button_sound;shadow;temp;temp2;i
140,F:\WLIBS\fields\fields.c,0x24,1,1072699,627,Add_Input_Field,11,xmin;ymin;width;string;max_characters;fill_color;justification;cursor_type;color_array;select_char;button_sound
140,F:\WLIBS\fields\fields.c,0x24,1,1073326,1607,Input_String,13,field_num;i;count;valid;max_characters;back_count;width;height;mouse_button;temp;exit_delay;character;Ltemp_string
140,F:\WLIBS\fields\fields.c,0x24,1,1074933,1118,Display_Input_Field,13,field_num;temp_string2;i;j;cursor_width;cursor_start;height;ymax;width;cursor_counter;Ncursor_color_array;Ocharacter_string;Ptemp_string
140,F:\WLIBS\fields\fields.c,0x24,1,1076051,1569,Get_Input_String,21,xmin;ymin;width;string;max_characters;fill_color;justification;cursor_type;color_array;button_sound;i;count;valid;back_count;height;exit_delay;mouse_button;temp;field_num;character;Rtemp_string
140,F:\WLIBS\fields\fields.c,0x24,1,1077620,55,Set_Input_Delay,1,delay
140,F:\WLIBS\fields\fields.c,0x24,1,1077675,183,Get_Input,2,field;field_index
140,F:\WLIBS\fields\fields.c,0x24,1,1077858,78,Init_Mouse_Keyboard,0,
140,F:\WLIBS\fields\fields.c,0x24,1,1077936,36,F11_Key,0,
140,F:\WLIBS\fields\fields.c,0x24,1,1077972,40,Disable_Draw_All_Fields,0,
140,F:\WLIBS\fields\fields.c,0x24,1,1078012,40,Enable_Draw_All_Fields,0,
140,F:\WLIBS\fields\fields.c,0x24,1,1078052,184,Disable_Draw_Field,1,field_num
140,F:\WLIBS\fields\fields.c,0x24,1,1078236,183,Enable_Draw_Field,1,field_num
140,F:\WLIBS\fields\fields.c,0x24,1,1078419,56,Draw_All_Fields,0,
140,F:\WLIBS\fields\fields.c,0x24,1,1078475,6921,Draw_Visible_Fields_Back,12,i;j;height;space;temp_value;var_segment;var_offset;cursor_change;old_window_x1;old_window_x2;old_window_y1;old_window_y2
140,F:\WLIBS\fields\fields.c,0x24,1,1085396,458,Push_Field_Down,4,field_num;mouse_x;mouse_y;i
140,F:\WLIBS\fields\fields.c,0x24,1,1085854,44,Assign_Update_Function,1,Vfunction_name
140,F:\WLIBS\fields\fields.c,0x24,1,1085898,92,Assign_Auto_Function,2,Xfunction_name;delay
140,F:\WLIBS\fields\fields.c,0x24,1,1085990,41,Save_Auto_Function,0,
140,F:\WLIBS\fields\fields.c,0x24,1,1086031,50,Restore_Auto_Function,0,
140,F:\WLIBS\fields\fields.c,0x24,1,1086081,40,Deactivate_Auto_Function,0,
140,F:\WLIBS\fields\fields.c,0x24,1,1086121,40,Activate_Auto_Function,0,
140,F:\WLIBS\fields\fields.c,0x24,1,1086161,47,Invoke_Auto_Function,0,
140,F:\WLIBS\fields\fields.c,0x24,1,1086208,37,Invoke_Saved_Auto_Function,0,
140,F:\WLIBS\fields\fields.c,0x24,1,1086245,123,Quick_Call_Auto_Function,0,
140,F:\WLIBS\fields\fields.c,0x24,1,1086368,96,Call_Auto_Function,0,
140,F:\WLIBS\fields\fields.c,0x24,1,1086464,65,Clear_Fields_Above,1,field_num
140,F:\WLIBS\fields\fields.c,0x24,1,1086529,41,Clear_Mouse_Buffer,0,
140,F:\WLIBS\fields\fields.c,0x24,1,1086570,45,Set_Field_Outline_Color,1,color
140,F:\WLIBS\fields\fields.c,0x24,1,1086615,45,Set_Help_Field_Outline_Color,1,color
140,F:\WLIBS\fields\fields.c,0x24,1,1086660,50,Enable_Mouse_Pressed_Field_Update,0,
140,F:\WLIBS\fields\fields.c,0x24,1,1086710,40,Disable_Mouse_Pressed_Field_Update,0,
140,F:\WLIBS\fields\fields.c,0x24,1,1086750,83,Reset_Wait_For_Input,0,
140,F:\WLIBS\fields\fields.c,0x24,1,1086833,327,Wait_For_Input,3,esc;mouse_click;character
140,F:\WLIBS\fields\fields.c,0x24,1,1087160,63,Set_Help_List,2,)help_pointer;count
140,F:\WLIBS\fields\fields.c,0x24,1,1087223,59,Deactivate_Help_List,0,
140,F:\WLIBS\fields\fields.c,0x24,1,1087282,303,Check_Help_List,5,help_entry_found;mouse_x;mouse_y;i;j
140,F:\WLIBS\fields\fields.c,0x24,1,1087585,152,Mark_Fields,0,
140,F:\WLIBS\fields\fields.c,0x24,1,1087737,122,Release_Fields,0,
140,F:\WLIBS\fields\fields.c,0x24,1,1087859,31,Restore,0,
140,F:\WLIBS\fields\fields.c,0x24,1,1087890,37,Save_Back,2,x;y
140,F:\WLIBS\fields\fields.c,0x24,1,1087927,37,Put_Mouse,2,x;y
140,F:\WLIBS\fields\fields.c,0x24,1,1087964,31,Mouse_Setup,0,
140,F:\WLIBS\fields\fields.c,0x24,1,1087995,31,Save_Back_Always,0,
140,F:\WLIBS\fields\fields.c,0x24,1,1088026,422,Add_String_Field,12,x1;y1;x2;y2;string;max_chars;normal_colors;hi_colors;style;use_highlight_colors;str_length;ctr
140,F:\WLIBS\fields\fields.c,0x24,1,1088448,95,Clear_String_Fields,0,
140,F:\WLIBS\fields\fields.c,0x24,1,1088543,83,Disable_All_String_Fields,1,ctr
140,F:\WLIBS\fields\fields.c,0x24,1,1088626,78,Disable_String_Field,1,string_field_index
140,F:\WLIBS\fields\fields.c,0x24,1,1088704,83,Enable_All_String_Fields,1,ctr
140,F:\WLIBS\fields\fields.c,0x24,1,1088787,78,Enable_String_Field,1,string_field_index
140,F:\WLIBS\fields\fields.c,0x24,1,1088865,140,Draw_Cursor_Pos,5,cx;cy;colors;ctr;prior_active
140,F:\WLIBS\fields\fields.c,0x24,1,1089005,1243,Handle_String_Fields,14,mb;ctr;string_width;character;max_characters;px;py;cursor_offset;auto_field;string_field_hit;cx;cy;w;^string
140,F:\WLIBS\fields\fields.c,0x24,1,1090248,656,Print_String_Fields,3,ctr;field_height;font_height
140,F:\WLIBS\fields\fields.c,0x24,1,1090904,120,Read_Character_And_Scan_Mb,4,done;key;mb;status
140,F:\WLIBS\fields\fields.c,0x24,1,1091024,244,Scan_All_Fields,5,px;py;found;field_num;ctr
140,F:\WLIBS\fields\fields.c,0x24,1,1091268,245,Scan_Only_String_Fields,7,px;py;)field_edited;character;aslot;ctr;found
140,F:\WLIBS\fields\fields.c,0x24,1,1091513,197,Set_String_Font_Colors,6,ctr;color_num;fill_x1;fill_y1;fill_x2;fill_y2
140,F:\WLIBS\fields\fields.c,0x24,1,1091710,176,Fill_Edited_String_Field,1,cstring
140,F:\WLIBS\fields\fields.c,0x24,1,1091886,604,Add_Irregular_Button_Field,11,field_x1;field_y1;field_x2;field_y2;string;pict_seg;draw_x;draw_y;hotkey;button_sound;x
140,F:\WLIBS\fields\fields.c,0x24,1,1092490,554,Get_Alt_Alpha_Key,2,character;alpha_key
140,F:\WLIBS\fields\fields.c,0x24,1,1093044,323,Add_Multi_Hot_Key_Field,1,string
140,F:\WLIBS\fields\fields.c,0x24,1,1093367,109,Clear_Multi_Hot_Key_Offsets,2,field_ctr;next_char
140,F:\WLIBS\fields\fields.c,0x24,1,1093476,246,Check_Multi_Hot_Key_Fields,6,ascii_char;fields_ctr;char_ctr;field_num;draw_x;draw_y
140,F:\WLIBS\fields\fields.c,0x24,1,1093722,4758,Draw_Field,8,field_num;up_down_flag;i;height;space;var_segment;var_offset;temp_value
140,F:\WLIBS\fields\fields.c,0x24,1,1098480,104,Clear_Fields,0,
140,F:\WLIBS\fields\fields.c,0x24,1,1098584,109,Clipped_Dot,5,x;y;color;button_width;button_height
140,F:\WLIBS\fields\fields.c,0x24,1,1098693,252,Add_Clipped_Button_Field,6,xmin;ymin;string;pict_seg;hotkey;button_sound
140,F:\WLIBS\fields\fields.c,0x24,1,1098945,854,Get_List_Field,32,title_x1;title_y1;fill_width;title_string;text_string;string_width;)variable;aactive_flag;select_fill_type;sfill1;sfill2;sfill3;sfill4;help_entry;esc;i;total_items;vertical_space;font_height;ymin;title_x2;title_field;choice;copy_flag;item_track;active;title_var;string_address;current_color;current_style;highlight_color;special_color
140,F:\WLIBS\fields\fields.c,0x24,1,1099799,38,Exit_List_Field,0,
140,F:\WLIBS\fields\fields.c,0x24,1,1099837,657,Add_String_List_Field,16,x1;y1;width;string;active_flag;)variable;set_value;fill_type;fill_param1;fill_param2;fill_param3;fill_param4;hotkey;help_entry;ascii;hotkey_field
140,F:\WLIBS\fields\fields.c,0x24,1,1100494,1063,Interpret_Keyboard_Input,16,)field_num;count;key;mouse_x;mouse_y;current_field;next_field;i;character;clear_hotkeys;original_character;fkey_hit;jtemp_string;dx;dy;d2
140,F:\WLIBS\fields\fields.c,0x24,1,1101557,6179,Interpret_Mouse_Input,16,i;j;m;mouse_x;mouse_y;button_number;valid;xmin;ymin;xmax;ymax;field_type;field_num;character;return_value;clear_multi_hotkey_fields
140,F:\WLIBS\fields\fields.c,0x24,1,1107736,7372,Draw_Visible_Fields,12,i;j;height;space;temp_value;var_segment;var_offset;cursor_change;old_window_x1;old_window_x2;old_window_y1;old_window_y2
140,F:\WLIBS\fields\fields.c,0x24,1,1115108,162,Copy_Continuous_String,1,j
140,F:\WLIBS\fields\fields.c,0x24,1,1115270,160,Timed_Wait_For_Input,3,time;hit;count
141,E:\WLIBS\fonts\fonts.c,0x24,1,1115430,192,Load_Font_File,3,!font_file;!font_ptr;!style_data
141,E:\WLIBS\fonts\fonts.c,0x24,1,1115622,137,Load_Palette,6,entry;start_color;end_color;!palette_data;i;5buffer
141,E:\WLIBS\fonts\fonts.c,0x24,1,1115759,150,Get_String_Width,5,!string;pos;width;char_num;horizontal_spacing
141,E:\WLIBS\fonts\fonts.c,0x24,1,1115909,298,Set_Font,3,style_num;color_num;i
141,E:\WLIBS\fonts\fonts.c,0x24,1,1116207,273,Set_Font_Solid,3,style_num;color_num;i
141,E:\WLIBS\fonts\fonts.c,0x24,1,1116480,339,Set_Remap_Font_Style,3,style_num;!colors;i
141,E:\WLIBS\fonts\fonts.c,0x24,1,1116819,58,Set_Remap_Font_Style_Shadow_Down,2,style_num;!colors
141,E:\WLIBS\fonts\fonts.c,0x24,1,1116877,58,Set_Remap_Font_Style_Shadow_Up,2,style_num;!colors
141,E:\WLIBS\fonts\fonts.c,0x24,1,1116935,58,Set_Remap_Font_Style_Shadow_Heavy,2,style_num;!colors
141,E:\WLIBS\fonts\fonts.c,0x24,1,1116993,58,Set_Remap_Font_Style_Outline,2,style_num;!colors
141,E:\WLIBS\fonts\fonts.c,0x24,1,1117051,58,Set_Remap_Font_Style_Outline_Heavy,2,style_num;!colors
141,E:\WLIBS\fonts\fonts.c,0x24,1,1117109,278,Set_Font_Style,3,style_num;!colors;i
141,E:\WLIBS\fonts\fonts.c,0x24,1,1117387,58,Set_Font_Style_Shadow_Down,2,style_num;!colors
141,E:\WLIBS\fonts\fonts.c,0x24,1,1117445,58,Set_Font_Style_Shadow_Up,2,style_num;!colors
141,E:\WLIBS\fonts\fonts.c,0x24,1,1117503,58,Set_Font_Style_Shadow_Heavy,2,style_num;!colors
141,E:\WLIBS\fonts\fonts.c,0x24,1,1117561,58,Set_Font_Style_Outline,2,style_num;!colors
141,E:\WLIBS\fonts\fonts.c,0x24,1,1117619,58,Set_Font_Style_Outline_Heavy,2,style_num;!colors
141,E:\WLIBS\fonts\fonts.c,0x24,1,1117677,55,Set_Outline_Color,2,color_num;alias_color
141,E:\WLIBS\fonts\fonts.c,0x24,1,1117732,60,Set_Font_LF,1,spacing
141,E:\WLIBS\fonts\fonts.c,0x24,1,1117792,44,Set_Font_Spacing_Width,1,spacing
141,E:\WLIBS\fonts\fonts.c,0x24,1,1117836,45,Set_Font_Spacing,1,spacing
141,E:\WLIBS\fonts\fonts.c,0x24,1,1117881,78,Set_Font_Highlight_Colors,2,!colors;i
141,E:\WLIBS\fonts\fonts.c,0x24,1,1117959,78,Set_Font_Special_Colors,2,!colors;i
141,E:\WLIBS\fonts\fonts.c,0x24,1,1118037,68,Set_Alias_Color,3,palette_num;i;start_offset
141,E:\WLIBS\fonts\fonts.c,0x24,1,1118105,73,Save_Alias_Colors,1,i
141,E:\WLIBS\fonts\fonts.c,0x24,1,1118178,73,Restore_Alias_Colors,1,i
141,E:\WLIBS\fonts\fonts.c,0x24,1,1118251,70,Print_Integer,5,x;y;val;>buffer;next_x
141,E:\WLIBS\fonts\fonts.c,0x24,1,1118321,70,Print_Unsigned,5,x;y;val;@buffer;next_x
141,E:\WLIBS\fonts\fonts.c,0x24,1,1118391,70,Print_Right,5,x;y;!string;string_len;next_x
141,E:\WLIBS\fonts\fonts.c,0x24,1,1118461,86,Print_Centered,5,x;y;!string;string_len;next_x
141,E:\WLIBS\fonts\fonts.c,0x24,1,1118547,70,Print_Integer_Right,5,x;y;val;Bbuffer;next_x
141,E:\WLIBS\fonts\fonts.c,0x24,1,1118617,70,Print_Integer_Centered,5,x;y;val;Cbuffer;next_x
141,E:\WLIBS\fonts\fonts.c,0x24,1,1118687,70,Print_Unsigned_Centered,5,x;y;val;Dbuffer;next_x
141,E:\WLIBS\fonts\fonts.c,0x24,1,1118757,70,Print_Unsigned_Right,5,x;y;val;Ebuffer;next_x
141,E:\WLIBS\fonts\fonts.c,0x24,1,1118827,72,Print_Full,4,x;y;!string;right_side
141,E:\WLIBS\fonts\fonts.c,0x24,1,1118899,56,Print,3,x;y;!string
141,E:\WLIBS\fonts\fonts.c,0x24,1,1118955,1321,Print_Display,12,x;y;!string;full_flag;outline_style;current_color_set;i;ddx;x1;x2;y1;y2
141,E:\WLIBS\fonts\fonts.c,0x24,1,1120276,772,Print_String,15,x;y;!string;change_color_ok_flag;full_flag;ptr;button_flag;tab;character;space_count;current_space;space_remainder;space_add;i;Itab_string
141,E:\WLIBS\fonts\fonts.c,0x24,1,1121048,40,No_Print_Alias,0,
141,E:\WLIBS\fonts\fonts.c,0x24,1,1121088,76,Set_Normal_Colors_On,1,i
141,E:\WLIBS\fonts\fonts.c,0x24,1,1121164,76,Set_Highlight_Colors_On,1,i
141,E:\WLIBS\fonts\fonts.c,0x24,1,1121240,76,Set_Special_Colors_On,1,i
141,E:\WLIBS\fonts\fonts.c,0x24,1,1121316,193,PSTRM,9,x;y;val;!string;Lbuffer;i;j;old_color;old_style
141,E:\WLIBS\fonts\fonts.c,0x24,1,1121509,52,PSTRS,3,x;y;!string
141,E:\WLIBS\fonts\fonts.c,0x24,1,1121561,68,PSTR,4,x;y;val;Obuffer
141,E:\WLIBS\fonts\fonts.c,0x24,1,1121629,68,PSTRL,4,x;y;val;Qbuffer
141,E:\WLIBS\fonts\fonts.c,0x24,1,1121697,74,PSTRU,5,x;y;value;Sval;Tbuffer
141,E:\WLIBS\fonts\fonts.c,0x24,1,1121771,154,Print_Character,13,x;y;char_num;screen_pos;screen_start;line_num;i;height;pos;new_x;data;skip_count;data_offset
141,E:\WLIBS\fonts\fonts.c,0x24,1,1121925,154,Print_Character_No_Alias,13,x;y;char_num;screen_pos;screen_start;line_num;i;height;pos;new_x;data;skip_count;data_offset
141,E:\WLIBS\fonts\fonts.c,0x24,1,1122079,45,Set_Background_Color,1,color_num
141,E:\WLIBS\fonts\fonts.c,0x24,1,1122124,47,Set_Foreground_Color,1,color_num
141,E:\WLIBS\fonts\fonts.c,0x24,1,1122171,414,Disp_PSTR,12,x;y;!buffer;old_color;old_style;base_height;old_x1;old_y1;old_x2;old_y2;old_page;old_screen_refresh_flag
141,E:\WLIBS\fonts\fonts.c,0x24,1,1122585,187,Find_Closest_PSTR_Color,4,highest_value;value;i;pos
141,E:\WLIBS\fonts\fonts.c,0x24,1,1122772,45,Set_PSTR_Color,1,color_num
141,E:\WLIBS\fonts\fonts.c,0x24,1,1122817,45,Get_Current_Font_Style,0,
141,E:\WLIBS\fonts\fonts.c,0x24,1,1122862,43,Get_Current_Font_Color,0,
141,E:\WLIBS\fonts\fonts.c,0x24,1,1122905,45,Get_Font_Height,0,
141,E:\WLIBS\fonts\fonts.c,0x24,1,1122950,45,Get_Font_Vertical_Spacing,0,
141,E:\WLIBS\fonts\fonts.c,0x24,1,1122995,43,Get_Current_Highlight_Color,0,
141,E:\WLIBS\fonts\fonts.c,0x24,1,1123038,43,Get_Current_Special_Color,0,
141,E:\WLIBS\fonts\fonts.c,0x24,1,1123081,774,Clipped_Print_String,16,x;y;!string;change_color_ok_flag;full_flag;ptr;button_flag;tab;height;character;space_count;current_space;space_remainder;space_add;i;[tab_string
141,E:\WLIBS\fonts\fonts.c,0x24,1,1123855,477,Print_Clipped_Character,12,x;y;character;skip_x;height;width;spacing;cpos;skip_y;max_y;next_x;\stringer
141,E:\WLIBS\fonts\fonts.c,0x24,1,1124332,399,Print_Clipped_Letter,19,x;y;char_num;skip_x;width;skip_y;max_y;screen_pos;screen_start;line_num;i;screen_pos_start;screen_pos_end;data_offset;height;pos;new_x;data;skip_count
141,E:\WLIBS\fonts\fonts.c,0x24,1,1124731,74,Print_Right_To_Bitmap,6,x;y;!string;Xbitmap;string_len;next_x
141,E:\WLIBS\fonts\fonts.c,0x24,1,1124805,90,Print_Centered_To_Bitmap,6,x;y;!string;Xbitmap;string_len;next_x
141,E:\WLIBS\fonts\fonts.c,0x24,1,1124895,79,Print_Full_To_Bitmap,5,x;y;!string;right_side;Xbitmap
141,E:\WLIBS\fonts\fonts.c,0x24,1,1124974,61,Print_To_Bitmap,4,x;y;!string;Xbitmap
141,E:\WLIBS\fonts\fonts.c,0x24,1,1125035,735,Print_Display_To_Bitmap,13,x;y;!string;full_flag;Xbitmap;outline_style;current_color_set;i;ddx;x1;x2;y1;y2
141,E:\WLIBS\fonts\fonts.c,0x24,1,1125770,742,Print_String_To_Bitmap,18,x;y;!string;change_color_ok_flag;full_flag;Xbitmap;i;button_flag;tab;height;width;current_space;space_remainder;space_add;space_count;character;atab_string;ptr
141,E:\WLIBS\fonts\fonts.c,0x24,1,1126512,321,Print_Character_To_Bitmap,15,x;y;character;Xbitmap;next_x;skip_x;height;width;spacing;cpos;skip_y;max_y;bitmap_max_width;bitmap_max_height;new_x
141,E:\WLIBS\fonts\fonts.c,0x24,1,1126833,470,Print_Clipped_Letter_To_Bitmap,24,x;y;char_num;skip_x;width;skip_y;max_y;Xbitmap;screen_pos;screen_start;line_num;i;screen_pos_start;screen_pos_end;data_offset;height;pos;new_x;data;skip_count;bitmap_width;bitmap_height;!frame_offset;dframe_offset_table
141,E:\WLIBS\fonts\fonts.c,0x24,1,1127303,45,Set_PSTR_Style,1,style
142,F:\WLIBS\mouse\mouse.c,0x24,1,1127348,131,Get_Mouse_Sensitivity,0,
142,F:\WLIBS\mouse\mouse.c,0x24,1,1127479,90,Set_Old_Mouse_Sensitivity,0,
142,F:\WLIBS\mouse\mouse.c,0x24,1,1127569,576,Init_Mouse_Driver,0,
142,F:\WLIBS\mouse\mouse.c,0x25,1,1128145,290,User_Mouse_Handler,9,max;buttons;mcx;mdx;last_mouse_event;i;0new_stack;1old_stack;in_mouse_handeler
142,F:\WLIBS\mouse\mouse.c,0x24,1,1128435,121,Set_User_Mouse_Handler,1,3function_ptr
142,F:\WLIBS\mouse\mouse.c,0x24,1,1128556,186,Mouse_Button_Handler,1,5function_ptr
142,F:\WLIBS\mouse\mouse.c,0x24,1,1128742,186,Mouse_Movement_Handler,1,6function_ptr
142,F:\WLIBS\mouse\mouse.c,0x24,1,1128928,40,Enable_Mouse,0,
142,F:\WLIBS\mouse\mouse.c,0x24,1,1128968,40,Disable_Mouse,0,
142,F:\WLIBS\mouse\mouse.c,0x24,1,1129008,52,Save_Mouse_State,0,
142,F:\WLIBS\mouse\mouse.c,0x24,1,1129060,43,Restore_Mouse_State,0,
142,F:\WLIBS\mouse\mouse.c,0x24,1,1129103,43,Mouse_Active,0,
142,F:\WLIBS\mouse\mouse.c,0x24,1,1129146,45,Pointer_X,0,
142,F:\WLIBS\mouse\mouse.c,0x24,1,1129191,45,Pointer_Y,0,
142,F:\WLIBS\mouse\mouse.c,0x24,1,1129236,68,Set_Pointer_Position,2,x;y
142,F:\WLIBS\mouse\mouse.c,0x24,1,1129304,105,Set_Mouse_Position,2,x;y
142,F:\WLIBS\mouse\mouse.c,0x24,1,1129409,45,Mouse_Buffer_X,0,
142,F:\WLIBS\mouse\mouse.c,0x24,1,1129454,45,Mouse_Buffer_Y,0,
142,F:\WLIBS\mouse\mouse.c,0x24,1,1129499,45,Mouse_Buffer_Button,0,
142,F:\WLIBS\mouse\mouse.c,0x24,1,1129544,60,Mouse_Buffer,1,value
142,F:\WLIBS\mouse\mouse.c,0x24,1,1129604,60,Mouse_Buffer2,1,value
142,F:\WLIBS\mouse\mouse.c,0x24,1,1129664,64,Set_Buffer_2,2,x;y
142,F:\WLIBS\mouse\mouse.c,0x24,1,1129728,83,Set_Mouse_Buffer,3,x;y;buttons
142,F:\WLIBS\mouse\mouse.c,0x24,1,1129811,134,Check_Mouse_Buffer,0,
142,F:\WLIBS\mouse\mouse.c,0x24,1,1129945,147,Reset_System_Mouse,0,
142,F:\WLIBS\mouse\mouse.c,0x24,1,1130092,59,Set_Mouse_List,2,(list;count
142,F:\WLIBS\mouse\mouse.c,0x24,1,1130151,340,Check_Mouse_Shape,1,i
142,F:\WLIBS\mouse\mouse.c,0x24,1,1130491,62,Get_Pointer_Offset,0,
142,F:\WLIBS\mouse\mouse.c,0x24,1,1130553,60,Get_Pointer_Image_Number,0,
142,F:\WLIBS\mouse\mouse.c,0x24,1,1130613,144,Mouse_Button,0,
142,F:\WLIBS\mouse\mouse.c,0x24,1,1130757,152,Mouse_Wait,0,
142,F:\WLIBS\mouse\mouse.c,0x24,1,1130909,154,Save_Mouse_From_Off_Page,7,y;vpos;line_add;current_bank;x;pos;<long_off_page_buffer
142,F:\WLIBS\mouse\mouse.c,0x24,1,1131063,31,Save_Correct_Mouse_Hi_Res,0,
142,F:\WLIBS\mouse\mouse.c,0x24,1,1131094,262,Restore_Mouse_From_Off_Page,10,y;vpos;line_add;current_bank;x;pos;max_horizontal;horizontal_add;max_vertical;<long_off_page_buffer
142,F:\WLIBS\mouse\mouse.c,0x24,1,1131356,65,Draw_Mouse_Off_Page,0,
142,F:\WLIBS\mouse\mouse.c,0x24,1,1131421,65,Draw_Mouse_Hi_Res,0,
142,F:\WLIBS\mouse\mouse.c,0x24,1,1131486,332,Draw_Mouse_To_Off_Page,11,y;vpos;line_add;current_bank;x;pos;max_horizontal;horizontal_add;max_vertical;=mouse_image;pixel
142,F:\WLIBS\mouse\mouse.c,0x24,1,1131818,54,Say_Hello,3,x;y;x_num
142,F:\WLIBS\mouse\mouse.c,0x24,1,1131872,211,S_Mouse,7,offset;start_bank;even;switch_bank;<long_video_memory;switch_bank_y;i
142,F:\WLIBS\mouse\mouse.c,0x24,1,1132083,40,Set_Mouse_Overide_Input,0,
142,F:\WLIBS\mouse\mouse.c,0x24,1,1132123,40,Clear_Mouse_Overide_Input,0,
142,F:\WLIBS\mouse\mouse.c,0x24,1,1132163,63,Set_Mouse_X,1,x
142,F:\WLIBS\mouse\mouse.c,0x24,1,1132226,62,Set_Mouse_Y,1,y
142,F:\WLIBS\mouse\mouse.c,0x24,1,1132288,40,Set_Mouse_Right_Down,0,
142,F:\WLIBS\mouse\mouse.c,0x24,1,1132328,40,Set_Mouse_Left_Down,0,
142,F:\WLIBS\mouse\mouse.c,0x24,1,1132368,40,Set_Mouse_Right_Up,0,
142,F:\WLIBS\mouse\mouse.c,0x24,1,1132408,40,Set_Mouse_Left_Up,0,
143,F:\WLIBS\special\random.c,0x24,1,1132448,128,Random,4,n;result;quotient;limit
143,F:\WLIBS\special\random.c,0x24,1,1132576,44,Set_Random_Seed,1,n
143,F:\WLIBS\special\random.c,0x24,1,1132620,44,Get_Random_Seed,0,
143,F:\WLIBS\special\random.c,0x24,1,1132664,51,Randomize,1,timer_value
144,F:\WLIBS\video\video.c,0x24,1,1132715,503,Init_Video_Drivers,1,mode_num
144,F:\WLIBS\video\video.c,0x24,1,1133218,44,Get_Current_Video_Page_Flag,0,
144,F:\WLIBS\video\video.c,0x24,1,1133262,56,Reset_Video,2,Cinregs;Coutregs
144,F:\WLIBS\video\video.c,0x24,1,1133318,49,Cls,0,
144,F:\WLIBS\video\video.c,0x24,1,1133367,46,New_Screen,0,
144,F:\WLIBS\video\video.c,0x24,1,1133413,51,Set_Refresh_Full,0,
144,F:\WLIBS\video\video.c,0x24,1,1133464,55,Save_Refresh,0,
144,F:\WLIBS\video\video.c,0x24,1,1133519,57,Restore_Refresh,0,
144,F:\WLIBS\video\video.c,0x24,1,1133576,51,Set_Refresh_Stencil,0,
144,F:\WLIBS\video\video.c,0x24,1,1133627,45,Get_Refresh_Mode,0,
144,F:\WLIBS\video\video.c,0x24,1,1133672,51,Set_Refresh_Stencil_No_Full,0,
144,F:\WLIBS\video\video.c,0x24,1,1133723,51,Set_Refresh_Differential,0,
144,F:\WLIBS\video\video.c,0x24,1,1133774,51,Set_Refresh_Differential_No_Full,0,
144,F:\WLIBS\video\video.c,0x24,1,1133825,64,Set_Refresh_Masked,1,mask
144,F:\WLIBS\video\video.c,0x24,1,1133889,57,Set_Page_Off,0,
144,F:\WLIBS\video\video.c,0x24,1,1133946,57,Set_Page_Back,0,
144,F:\WLIBS\video\video.c,0x24,1,1134003,57,Set_Page_On,0,
144,F:\WLIBS\video\video.c,0x24,1,1134060,74,Copy_Off_To_Back,0,
144,F:\WLIBS\video\video.c,0x24,1,1134134,74,Copy_Back_To_Off,0,
144,F:\WLIBS\video\video.c,0x24,1,1134208,75,Copy_Off_To_On,4,x1;y1;x2;y2
144,F:\WLIBS\video\video.c,0x24,1,1134283,409,Toggle_Pages,1,i
144,F:\WLIBS\video\video.c,0x24,1,1134692,606,Assign_Video_Function_Pointers,0,
144,F:\WLIBS\video\video.c,0x24,1,1135298,62,Get_Video_Card,0,
144,F:\WLIBS\video\video.c,0x24,1,1135360,125,Set_Video_Mode,0,
144,F:\WLIBS\video\video.c,0x24,1,1135485,173,Create_Screen_Buffers,2,size;height
144,F:\WLIBS\video\video.c,0x24,1,1135658,150,Get_Video_Total_Memory,0,
144,F:\WLIBS\video\video.c,0x24,1,1135808,148,Get_Video_Granularity,0,
144,F:\WLIBS\video\video.c,0x24,1,1135956,139,Cls_On,2,i;pos
144,F:\WLIBS\video\video.c,0x24,1,1136095,160,Full_Screen_Dump_Hi_Res,2,i;pos
144,F:\WLIBS\video\video.c,0x24,1,1136255,405,Masked_Screen_Dump_Hi_Res,16,i;pos;vpos;draw_pos;y;mask_pos;current_bank;off_pos;copy_count;old_bank;new_bank;skip_count;copy_count1;copy_count2;Qlong_video_memory;Qlong_off_page_buffer
144,F:\WLIBS\video\video.c,0x24,1,1136660,1229,Partial_Screen_Dump_Hi_Res,8,i;pos;vpos;draw_pos;y;x_start;Qlong_video_memory;Qlong_off_page_buffer
144,F:\WLIBS\video\video.c,0x24,1,1137889,55,Clear_Scan_List,0,
144,F:\WLIBS\video\video.c,0x24,1,1137944,55,Clear_Stencil_List,0,
144,F:\WLIBS\video\video.c,0x24,1,1137999,196,Stencil_Out_Background,9,i;pos;vpos;draw_pos;y;line_add;x_start;Qlong_back_page_buffer;Qlong_off_page_buffer
144,F:\WLIBS\video\video.c,0x24,1,1138195,488,Add_Dot_To_Scan_List,6,x1;y1;x;y;x_start;x_end
144,F:\WLIBS\video\video.c,0x24,1,1138683,553,Add_Line_To_Scan_List,6,x1;y;x2;x;x_start;x_end
144,F:\WLIBS\video\video.c,0x24,1,1139236,475,Copy_Off_To_On_Hi_Res,17,x1;y1;x2;y2;Sstart;Trange;i;screen_pos;line_add;bank_pos;cur_bank;x;y;video_pos;draw_pos;Qlong_video_buffer;Qlong_off_page_buffer
144,F:\WLIBS\video\video.c,0x24,1,1139711,27,Save_Video_State_Hi_Res,0,
144,F:\WLIBS\video\video.c,0x24,1,1139738,35,Restore_Video_State_Hi_Res,0,
145,F:\WLIBS\dos\exit.c,0x24,1,1139773,74,Exit_With_Size,2,i;hello
145,F:\WLIBS\dos\exit.c,0x24,1,1139847,69,Exit_With_Message,1,string
145,F:\WLIBS\dos\exit.c,0x24,1,1139916,85,Exit_With_Value,2,value;string
152,F:\WLIBS\lbx\farload.c,0x24,1,1141437,64,Farload,3,file_name;entry_num;pointer
152,F:\WLIBS\lbx\farload.c,0x24,1,1141501,69,Far_Reload,4,file_name;entry_num;base_seg;pointer
152,F:\WLIBS\lbx\farload.c,0x24,1,1141570,69,Far_Reload_Next,4,file_name;entry_num;base_seg;pointer
152,F:\WLIBS\lbx\farload.c,0x24,1,1141639,86,Farload_Data,6,file_name;entry_num;start_rec;num_recs;record_size;pointer
152,F:\WLIBS\lbx\farload.c,0x24,1,1141725,90,Far_Reload_Data,7,file_name;entry_num;base_seg;start_rec;num_recs;record_size;pointer
152,F:\WLIBS\lbx\farload.c,0x24,1,1141815,90,Far_Reload_Next_Data,7,file_name;entry_num;base_seg;start_rec;num_recs;record_size;pointer
152,F:\WLIBS\lbx\farload.c,0x24,1,1141905,90,Farload_Data_Static,7,file_name;entry_num;base_seg;start_rec;num_recs;record_size;pointer
152,F:\WLIBS\lbx\farload.c,0x24,1,1141995,592,Farload_Library,17,file_name;entry_num;base_seg;allocation_type;file_index;space_remaining;current_extended_flag;alternate_set;num_blocks;current_seg;read_size;foffset;entry_start;entry_end;entry_length;-full_file_path;pointer
152,F:\WLIBS\lbx\farload.c,0x24,1,1142587,760,Farload_Library_Data,22,file_name;entry_num;base_seg;allocation_type;start_rec;num_recs;record_size;allocation_seg;file_index;space_remaining;current_extended_flag;max_records;rec_size;num_blocks;current_seg;read_size;foffset;entry_start;entry_end;entry_length;/full_file_path;pointer
152,F:\WLIBS\lbx\farload.c,0x24,1,1143347,425,Get_Farload_Data_Record_Count,17,file_name;entry_num;allocation_seg;file_index;space_remaining;current_extended_flag;max_records;rec_size;num_blocks;current_seg;read_size;foffset;entry_start;entry_end;entry_length;1full_file_path;pointer
152,F:\WLIBS\lbx\farload.c,0x24,1,1143772,439,Error_Handler,5,file_name;error_num;entry_num;4buffer;5buffer2
152,F:\WLIBS\lbx\farload.c,0x24,1,1144211,120,Set_Alternate_Path,3,alternate;i;last_char
156,F:\WLIBS\cache\buffer.c,0x24,1,1144995,136,Flush_Buffer_Space,3,base_seg;i;j
156,F:\WLIBS\cache\buffer.c,0x24,1,1145131,62,Get_Remaining_Buffer_Space,3,base_seg;2header;2block_header
156,F:\WLIBS\cache\buffer.c,0x24,1,1145193,70,Free_Buffer_Space,0,
156,F:\WLIBS\cache\buffer.c,0x24,1,1145263,404,Allocate_Buffer_Space,6,size;name;2header;lsize;i;j
156,F:\WLIBS\cache\buffer.c,0x24,1,1145667,228,Clear_Buffer_Reload,2,i;j
156,F:\WLIBS\cache\buffer.c,0x24,1,1145895,1349,Buffer_Reload,7,file_name;entry_num;base_seg;i;file_found;file_number;2check_buffer
156,F:\WLIBS\cache\buffer.c,0x24,1,1147244,1040,Farload_Buffer_Library,20,file_name;entry_num;base_seg;allocation_type;entry_start;entry_end;entry_length;7full_file_path;pointer;deleted_count;delete_file_buffer;delete_picture_buffer;next_file_buffer;next_picture_buffer;deleted_block_size;moved_block_size;i;j;last_address;2block_header
156,F:\WLIBS\cache\buffer.c,0x24,1,1148284,319,Get_Next_Buffer_Address,9,file_buffer_number;picture_buffer_number;8next_file_buffer;8next_picture_buffer;block;i;j;next_address;2block_header
156,F:\WLIBS\cache\buffer.c,0x24,1,1148603,272,Get_Lowest_Priority,6,8file_buffer_number;8picture_buffer_number;i;j;lowest_priority;lowest_seg
156,F:\WLIBS\cache\buffer.c,0x24,1,1148875,134,Check_For_Valid_Segs,2,j;fucked_up
159,F:\WLIBS\graphics\graphics.c,0x24,1,1149622,147,Set_Window,4,x1;y1;x2;y2
159,F:\WLIBS\graphics\graphics.c,0x24,1,1149769,79,Save_Window,0,
159,F:\WLIBS\graphics\graphics.c,0x24,1,1149848,79,Restore_Window,0,
159,F:\WLIBS\graphics\graphics.c,0x24,1,1149927,75,Reset_Window,0,
159,F:\WLIBS\graphics\graphics.c,0x24,1,1150002,684,Fill,25,x1;y1;x2;y2;color;y;pos;line_add;center_columns;start_x;end_x;x;long_color;start_mask;end_mask;start_color;end_color;column_mask;value;long_current_video_page;start_width;center_width;end_width;line_start;column_height
159,F:\WLIBS\graphics\graphics.c,0x24,1,1150686,594,Interlaced_Fill,27,x1;y1;x2;y2;color1;color2;y;pos;line_add;center_columns;start_x;end_x;x;long_color;start_mask;end_mask;start_color;end_color;column_mask;value;long_current_video_page;start_width;center_width;end_width;line_start;column_height;combined_color
159,F:\WLIBS\graphics\graphics.c,0x24,1,1151280,617,Tri_Interlaced_Fill,28,x1;y1;x2;y2;color1;color2;color3;y;pos;line_add;center_columns;start_x;end_x;x;long_color;start_mask;end_mask;start_color;end_color;column_mask;value;long_current_video_page;start_width;center_width;end_width;line_start;column_height;combined_color
159,F:\WLIBS\graphics\graphics.c,0x24,1,1151897,379,Gray_Scale_Fill,28,x1;y1;x2;y2;color_array;color_count;inverse_flag;y;pos;line_add;center_columns;start_x;end_x;x;i;long_color;start_mask;end_mask;start_color;end_color;column_mask;value;long_current_video_page;start_width;center_width;end_width;line_start;column_height
159,F:\WLIBS\graphics\graphics.c,0x24,1,1152276,537,Interlaced_Gray_Scale_Fill,35,x1;y1;x2;y2;color_array1;color_array2;color_count;inverse_flag;y;pos;line_add;center_columns;start_x;end_x;x;i;long_color;start_mask;end_mask;start_color;end_color;column_mask;value;long_current_video_page;start_width;center_width;end_width;line_start;column_height;frame_offset;#frame_offset_table;source_start;target_start;width;height
159,F:\WLIBS\graphics\graphics.c,0x24,1,1152813,150,Dot,3,x;y;color
159,F:\WLIBS\graphics\graphics.c,0x24,1,1152963,283,Box,7,x;y;width;height;thickness;color;i
159,F:\WLIBS\graphics\graphics.c,0x24,1,1153246,63,Darken_Fill,4,x1;y1;x2;y2
159,F:\WLIBS\graphics\graphics.c,0x24,1,1153309,615,Tint_Fill,25,x1;y1;x2;y2;color;y;pos;line_add;center_columns;start_x;end_x;x;long_color;start_mask;end_mask;start_color;end_color;column_mask;value;long_current_video_page;start_width;center_width;end_width;line_start;column_height
159,F:\WLIBS\graphics\graphics.c,0x24,1,1153924,235,Gradient_Fill,9,x1;y1;x2;y2;fill_type;color_array;color_count;ripple_count;seed
168,F:\WLIBS\animate\animate.c,0x24,1,1155065,1151,Draw_No_Glass,10,x;y;!picture;i;x2;y2;clip;frame_list;#frame_offset;$frame_offset_table
168,F:\WLIBS\animate\animate.c,0x24,1,1156216,1180,Draw,10,x;y;!picture;i;x2;y2;clip;frame_list;#frame_offset;$frame_offset_table
168,F:\WLIBS\animate\animate.c,0x24,1,1157396,397,Draw_Animated_Sprite_Back_Diff,24,x_start;y_start;#frame_data;bitmap_size;pos;screen_pos;x;y;i;screen_start;buffer_pos;buffer_pos_word;packet_end;height;data_count;skip_count;store_type;line_skip;data;copy_size;&frame_data_word;square_x;square_y;square_x2
168,F:\WLIBS\animate\animate.c,0x24,1,1157793,299,Draw_No_Glassed_Animated_Sprite,22,x_start;y_start;#frame_data;bitmap_size;pos;screen_pos;x;y;i;screen_start;buffer_pos;buffer_pos_word;packet_end;height;data_count;skip_count;store_type;line_skip;data;&frame_data_word;data_byte;screen_byte
168,F:\WLIBS\animate\animate.c,0x24,1,1158092,216,Draw_No_Glassed_Bitmap_Sprite,14,x_start;y_start;#frame_data;bitmap_size;pos;screen_pos;line_add;x;y;i;height;width;data;screen_data
168,F:\WLIBS\animate\animate.c,0x24,1,1158308,348,Draw_Glassed_Animated_Sprite,22,x_start;y_start;#frame_data;bitmap_size;pos;screen_pos;x;y;i;screen_start;buffer_pos;buffer_pos_word;packet_end;height;data_count;skip_count;store_type;line_skip;data;&frame_data_word;data_byte;screen_byte
168,F:\WLIBS\animate\animate.c,0x24,1,1158656,192,Set_Animation_Palette,6,palette_num;start;count;palette_pos;$current_palette_SDWORD;palette_data
168,F:\WLIBS\animate\animate.c,0x24,1,1158848,268,Draw_Glassed_Bitmap_Sprite,14,x_start;y_start;#frame_data;bitmap_size;pos;screen_pos;line_add;x;y;i;height;width;data;screen_data
168,F:\WLIBS\animate\animate.c,0x24,1,1159116,235,Draw_Screen_Background_Off,10,$frame_offset;bank_num;buffer_pos;screen_pos;i;buffer_end;data;skip_count;data_count;$video_memory_SDWORD
168,F:\WLIBS\animate\animate.c,0x24,1,1159351,546,Draw_Animated_Sprite_On_Page,27,x_start;y_start;#frame_data;bank_pos;bank_num;bitmap_size;pos;screen_pos;x;y;i;screen_start;buffer_pos;buffer_pos_word;packet_end;height;data_count;skip_count;store_type;line_skip;data;&frame_data_word;$video_memory_SDWORD;square_x;square_y;square_x2;copy_size
168,F:\WLIBS\animate\animate.c,0x24,1,1159897,263,Draw_Screen_Background_On,10,$frame_offset;bank_num;buffer_pos;screen_pos;i;buffer_end;data;skip_count;data_count;$video_memory_SDWORD
168,F:\WLIBS\animate\animate.c,0x24,1,1160160,289,Draw_Glassed_Screen_Background_Off,11,#frame_offset;bank_num;buffer_pos;screen_pos;i;buffer_end;data;skip_count;data_count;screen_byte;data_byte
168,F:\WLIBS\animate\animate.c,0x24,1,1160449,307,Draw_Glassed_Screen_Background_On,13,#frame_offset;bank_num;buffer_pos;screen_pos;i;buffer_end;data;skip_count;data_count;data_byte_SDWORD;screen_data_SDWORD;screen_byte;data_byte
168,F:\WLIBS\animate\animate.c,0x24,1,1160756,40,Clip_On,0,
168,F:\WLIBS\animate\animate.c,0x24,1,1160796,40,Clip_Off,0,
168,F:\WLIBS\animate\animate.c,0x24,1,1160836,40,Dot_Stencil_On,0,
168,F:\WLIBS\animate\animate.c,0x24,1,1160876,40,Dot_Stencil_Off,0,
168,F:\WLIBS\animate\animate.c,0x24,1,1160916,82,Get_Full_Store_Flag,1,!picture
168,F:\WLIBS\animate\animate.c,0x24,1,1160998,45,Reset_Animation_Frame,1,picture
168,F:\WLIBS\animate\animate.c,0x24,1,1161043,74,Set_Animation_Frame,2,picture;frame_num
168,F:\WLIBS\animate\animate.c,0x24,1,1161117,68,Draw_Palette,1,!picture
168,F:\WLIBS\animate\animate.c,0x24,1,1161185,778,Remap_Draw,9,x;y;!picture;i;x2;y2;clip;frame_list;#frame_offset
168,F:\WLIBS\animate\animate.c,0x24,1,1161963,288,Remap_Draw_Animated_Sprite,20,x_start;y_start;#frame_data;bitmap_size;pos;screen_pos;x;y;i;screen_start;buffer_pos;buffer_pos_word;packet_end;height;data_count;skip_count;store_type;line_skip;data;&frame_data_word
168,F:\WLIBS\animate\animate.c,0x24,1,1162251,815,Remap_Clipped_Draw_Animated_Sprite,29,x1;y1;.frame_data;screen_pos;y;screen_start;buffer_pos;buffer_pos_word;packet_end;height;data_count;skip_count;store_type;width;x2;y2;skip_x;start_x;skip_y;start_y;actual_width;actual_height;skip_add;clipped_count;0frame_data_word;buffer_add;screen_line_add;screen_line_start;screen_line_end
168,F:\WLIBS\animate\animate.c,0x24,1,1163066,477,Draw_Gray_Scaled,13,x;y;!picture;start_color;color_count;inverse_flag;i;x2;y2;clip;frame_list;#frame_offset;$frame_offset_table
168,F:\WLIBS\animate\animate.c,0x24,1,1163543,392,Draw_Screen_Background_Off_Gray_Scale,16,$frame_offset;start_color;color_count;inverse_flag;bank_num;buffer_pos;screen_pos;i;buffer_end;buffer_pos_UBYTE;data;skip_count;data_count;$video_memory_SDWORD;#video_memory_UBYTE;#frame_offset_UBYTE
170,F:\WLIBS\keybdjoy\key.c,0x24,1,1164001,122,Read_Key,1,return_key
170,F:\WLIBS\keybdjoy\key.c,0x24,1,1164123,55,Check_Key,0,
170,F:\WLIBS\keybdjoy\key.c,0x24,1,1164178,65,Keyboard_Status,0,
170,F:\WLIBS\keybdjoy\key.c,0x24,1,1164243,77,Key_Waiting,2,start_buffer;end_buffer
170,F:\WLIBS\keybdjoy\key.c,0x24,1,1164320,115,Init_Keyboard,0,
170,F:\WLIBS\keybdjoy\key.c,0x24,1,1164435,69,Disable_Keyboard,0,
170,F:\WLIBS\keybdjoy\key.c,0x25,1,1164504,156,New09_Handler,2,"code;,get_the_key"
170,F:\WLIBS\keybdjoy\key.c,0x24,1,1164660,58,getch,0,
170,F:\WLIBS\keybdjoy\key.c,0x24,1,1164718,89,Scan_Key,1,key_num
171,F:\WLIBS\animate\file_ani.c,0x24,1,1164807,453,Open_File_Animation,20,file_name;entry_num;i;x2;y2;clip;frame_list;frame_offset;4frame_offset_table;file_index;space_remaining;current_extended_flag;num_blocks;current_seg;read_size;foffset;entry_start;entry_end;entry_length;5full_file_path
171,F:\WLIBS\animate\file_ani.c,0x24,1,1165260,778,Draw_File_Animation,11,i;x;y;x2;y2;clip;frame_list;frame_length;frame_offset;4frame_offset_table;file_offset
171,F:\WLIBS\animate\file_ani.c,0x24,1,1166038,599,Draw_Multi_File_Animation_Stencil,12,file_num;i;x;y;x2;y2;clip;frame_list;frame_length;frame_offset;4frame_offset_table;file_offset
171,F:\WLIBS\animate\file_ani.c,0x24,1,1166637,576,Draw_File_Animation_Stencil,12,i;x;y;x2;y2;clip;frame_list;frame_length;frame_offset;4frame_offset_table;file_offset;saved_refresh
171,F:\WLIBS\animate\file_ani.c,0x24,1,1167213,600,Draw_File_Animation_On,12,i;x;y;x2;y2;clip;frame_list;frame_length;frame_offset;4frame_offset_table;file_offset;saved_refresh
171,F:\WLIBS\animate\file_ani.c,0x24,1,1167813,579,Open_Multi_File_Animation,21,file_name;entry_num;file_num;i;x2;y2;clip;frame_list;frame_offset;4frame_offset_table;file_index;space_remaining;current_extended_flag;num_blocks;current_seg;read_size;foffset;entry_start;entry_end;entry_length;9full_file_path
171,F:\WLIBS\animate\file_ani.c,0x24,1,1168392,682,Draw_Multi_File_Animation,12,file_num;i;x;y;x2;y2;clip;frame_list;frame_length;frame_offset;4frame_offset_table;file_offset
171,F:\WLIBS\animate\file_ani.c,0x24,1,1169074,89,Set_File_Animation_Frame,1,frame_num
171,F:\WLIBS\animate\file_ani.c,0x24,1,1169163,58,Get_File_Animation_Frame,0,
171,F:\WLIBS\animate\file_ani.c,0x24,1,1169221,73,Get_Multi_File_Animation_Frame,1,file_num
171,F:\WLIBS\animate\file_ani.c,0x24,1,1169294,41,Reset_File_Animation_Buffer,0,
171,F:\WLIBS\animate\file_ani.c,0x24,1,1169335,44,Set_File_Animation_Buffer,1,buffer
171,F:\WLIBS\animate\file_ani.c,0x24,1,1169379,107,Draw_Multi_File_Animation_Palette,1,file_num
171,F:\WLIBS\animate\file_ani.c,0x24,1,1169486,65,Draw_File_Animation_Palette,0,
171,F:\WLIBS\animate\file_ani.c,0x24,1,1169551,102,Set_Multi_File_Animation_Frame,2,file_num;frame_num
172,F:\WLIBS\animate\bitmap.c,0x24,1,1169653,78,Create_Blank_Bitmap,3,width;height;bitmap
172,F:\WLIBS\animate\bitmap.c,0x24,1,1169731,141,Create_Bitmap_Header,3,width;height;bitmap
172,F:\WLIBS\animate\bitmap.c,0x24,1,1169872,70,Create_Multi_Frame_Blank_Bitmap,4,width;height;bitmap;frames
172,F:\WLIBS\animate\bitmap.c,0x24,1,1169942,142,Create_Multi_Frame_Bitmap_Header,4,width;height;bitmap;frames
172,F:\WLIBS\animate\bitmap.c,0x24,1,1170084,88,Get_Bitmap_Size,3,width;height;length
172,F:\WLIBS\animate\bitmap.c,0x24,1,1170172,63,Set_Picture_Glassed,1,bitmap
172,F:\WLIBS\animate\bitmap.c,0x24,1,1170235,346,Shear_Bitmap_Y,15,x1;shear1;x2;shear2;bitmap;width;height;x;i;shear_add;shear;current_shear;bitmap_array;frame_offset;frame_offset_table
172,F:\WLIBS\animate\bitmap.c,0x24,1,1170581,219,Shear_Array_Bitmap_Y,12, shear_array;bitmap;width;height;x;i;shear_add;shear;current_shear;bitmap_array;frame_offset;frame_offset_table
172,F:\WLIBS\animate\bitmap.c,0x24,1,1170800,354,Shear_Bitmap_X,17,y1;shear1;y2;shear2;bitmap;width;height;x;i;y;ypos;shear_add;shear;current_shear;bitmap_array;frame_offset;frame_offset_table
172,F:\WLIBS\animate\bitmap.c,0x24,1,1171154,224,Shear_Array_Bitmap_X,14, shear_array;bitmap;width;height;x;i;ypos;y;shear_add;shear;current_shear;bitmap_array;frame_offset;frame_offset_table
172,F:\WLIBS\animate\bitmap.c,0x24,1,1171378,256,Flip_Bitmap,16,target_bitmap;source_bitmap;direction;width;height;x;i;shear_add;shear;current_shear;target_frame_offset;target_frame_offset_table;source_frame_offset;source_frame_offset_table;frame_offset;frame_offset_table
172,F:\WLIBS\animate\bitmap.c,0x24,1,1171634,150,Copy_Bitmap_To_Bitmap,8,target_bitmap;source_bitmap;width;height;x;i;frame_offset;frame_offset_table
172,F:\WLIBS\animate\bitmap.c,0x24,1,1171784,152,Screen_Bitmap_Capture,14,x1;y1;x2;y2;bitmap;width;height;x;i;shear_add;shear;current_shear;frame_offset;frame_offset_table
172,F:\WLIBS\animate\bitmap.c,0x24,1,1171936,338,Draw_Bitmap_To_Mouse,15,x;y;bitmap;mouse_entry;bitmap_size;pos;screen_pos;line_add;height;width;data_add;data;screen_data;frame_offset;frame_offset_table
172,F:\WLIBS\animate\bitmap.c,0x24,1,1172274,66,Clear_Mouse_Image,8,mouse_entry;bitmap_size;pos;screen_pos;line_add;height;width;data_add
172,F:\WLIBS\animate\bitmap.c,0x24,1,1172340,476,Scale_Bitmap,16,target_bitmap;source_bitmap;scale_x;scale_y;initial_x_scale;initial_y_scale;pict_x;pict_y;new_x;new_y;width;height;frame_offset;frame_offset_table;source_start;target_start
172,F:\WLIBS\animate\bitmap.c,0x24,1,1172816,255,Vanish_Bitmap,9,target_bitmap;source_bitmap;percent;width;height;frame_offset;frame_offset_table;source_start;target_start
172,F:\WLIBS\animate\bitmap.c,0x24,1,1173071,232,Outline_Bitmap,10,target_bitmap;source_bitmap;outline_color;ignore_glass_colors;width;height;frame_offset;frame_offset_table;source_start;target_start
172,F:\WLIBS\animate\bitmap.c,0x24,1,1173303,204,Bitmap_Aura,11,target_bitmap;source_bitmap;aura_color;color_list;rotation;width;height;frame_offset;frame_offset_table;source_start;target_start
172,F:\WLIBS\animate\bitmap.c,0x24,1,1173507,209,Transpose_Bitmap,16,target_bitmap;source_bitmap;direction;width;height;x;i;shear_add;shear;current_shear;target_frame_offset;target_frame_offset_table;source_frame_offset;source_frame_offset_table;frame_offset;frame_offset_table
172,F:\WLIBS\animate\bitmap.c,0x24,1,1173716,205,Tint_Bitmap,9,target_bitmap;source_bitmap;tint_color;width;height;frame_offset;frame_offset_table;source_start;target_start
172,F:\WLIBS\animate\bitmap.c,0x24,1,1173921,386,Create_Brighten_Bitmap_Palettes,15,palette_seg; brighten_percent;levels;i;j;tint_red;tint_green;tint_blue;red;green;blue;hue;sat;lum;temp_lum
172,F:\WLIBS\animate\bitmap.c,0x24,1,1174307,769,Mask_Brighten_Bitmap,28,x;y;target_bitmap;mask_bitmap;start_color;width;height;mask_line_add;target_line_add;target_x;target_y;mask_x;mask_y;mask_width;mask_height;skip_x;x1;y1;x2;y2;target_width;target_height;frame_offset;frame_offset_table;mask_start;true_mask_start;target_start;true_target_start
172,F:\WLIBS\animate\bitmap.c,0x24,1,1175076,195,Darken_Bitmap,8,target_bitmap;source_bitmap;width;height;frame_offset;frame_offset_table;source_start;target_start
172,F:\WLIBS\animate\bitmap.c,0x24,1,1175271,214,Jumble_Bitmap,11,target_bitmap;source_bitmap;percent;range;width;height;frame_offset;frame_offset_table;source_start;target_start;saved_seed
172,F:\WLIBS\animate\bitmap.c,0x24,1,1175485,741,Mask_Out_Bitmap_With_Bitmap,28,x;y;target_bitmap;mask_bitmap;inverse_flag;width;height;mask_line_add;target_line_add;target_x;target_y;mask_x;mask_y;mask_width;mask_height;skip_x;x1;y1;x2;y2;target_width;target_height;frame_offset;frame_offset_table;mask_start;true_mask_start;target_start;true_target_start
172,F:\WLIBS\animate\bitmap.c,0x24,1,1176226,144,Mask_Out_Colors,9,source_bitmap;start_color;end_color;width;height;frame_offset;frame_offset_table;source_start;target_start
172,F:\WLIBS\animate\bitmap.c,0x24,1,1176370,358,Interlace_Gray_Scale_Bitmap,33,"source_bitmap;color_start;color_count;color_array1;color_array2;inverse_flag;y;pos;line_add;center_columns;start_x;end_x;x;i;long_color;start_mask;end_mask;start_color;end_color;column_mask;value;,long_current_video_page;start_width;center_width;end_width;line_start;column_height;frame_offset;frame_offset_table;source_start;target_start;width;height"
172,F:\WLIBS\animate\bitmap.c,0x24,1,1176728,224,Gray_Scale_Bitmap,32,"source_bitmap;color_start;color_count;color_array;inverse_flag;y;pos;line_add;center_columns;start_x;end_x;x;i;long_color;start_mask;end_mask;start_color;end_color;column_mask;value;,long_current_video_page;start_width;center_width;end_width;line_start;column_height;frame_offset;frame_offset_table;source_start;target_start;width;height"
172,F:\WLIBS\animate\bitmap.c,0x24,1,1176952,622,Draw_Picture_To_Bitmap,43,"destination_bitmap;source_picture;y;pos;line_add;center_columns;start_x;end_x;x;i;frame_num;long_color;start_mask;end_mask;start_color;end_color;column_mask;value;,long_current_video_page;start_width;center_width;end_width;line_start;column_height;frame_offset;frame_offset_table;source_start;target_start;width;height;frame_start;bitmap_size;screen_pos;screen_start;buffer_pos;buffer_pos_word;packet_end;data_count;skip_count;store_type;line_skip;.data;/frame_data_word"
172,F:\WLIBS\animate\bitmap.c,0x24,1,1177574,1385,Add_Picture_To_Bitmap,63,"xx;yy;source_picture;destination_bitmap;y;pos;line_add;center_columns;start_x;end_x;x;i;frame_num;max_width;max_height;long_color;start_mask;end_mask;start_color;end_color;column_mask;value;,long_current_video_page;start_width;center_width;end_width;line_start;column_height;screen_line_start;screen_line_end;frame_offset;frame_offset_table;source_start;target_start;width;height;bitmap_size;screen_pos;screen_start;buffer_pos;buffer_pos_word;screen_line_add;packet_end;buffer_add;skip_add;clipped_count;data_count;skip_count;store_type;line_skip;x1;y1;x2;y2;.data;/frame_data_word;xx1;yy1;skip_x;skip_y;start_y;actual_width;actual_height"
172,F:\WLIBS\animate\bitmap.c,0x24,1,1178959,176,Draw_Bitmap_Rotated,17,x1;y1;angle;bitmap;x2;y2;x3;y3;x4;y4;ddy;ddx;i;j;temp;height;width
172,F:\WLIBS\animate\bitmap.c,0x24,1,1179135,665,Get_Rotated_Pixels,19,angle;width;height;2x1;2y1;2x2;2y2;2x3; 2y3;$2x4;(2y4;xr;yr;ddx;ddy;true_angle;cos_mult;sin_mult;xold
172,F:\WLIBS\animate\bitmap.c,0x24,1,1179800,2057,Draw_Bitmap_Line,31,x1;y1;x2;y2;4image;i;j;rx;ry;cx;cy;sx1;sy1;sx2;sy2;bx1;by1;bx2;by2;nx1;nx2;theta;4target;4dst;new_width;scale_percentage;9hdr;4frame_offset_table;4src;temp;glassing
172,F:\WLIBS\animate\bitmap.c,0x24,1,1181857,1426,Draw_Bitmap_Animation_Block,22,x1;y1;x2;y2;x3;y3;x4;y4;bitmap;bitmap_height;bitmap_width;;x;<y;=u;>v;i;j;scan_line_height;min_x;min_y;max_x;max_y
172,F:\WLIBS\animate\bitmap.c,0x24,1,1183283,930,Form_Texture_Map_Edge_List,12,edge1_start_vertice;edge1_end_vertice;edge2_start_vertice;edge2_end_vertice;y_start;2x;2y;2u; 2v;left_height;right_height;i
172,F:\WLIBS\animate\bitmap.c,0x24,1,1184213,851,Texture_Map_Block,25,screen_width;video;scan_line_height;y_start;bitmap;bitmap_width;y;x;width;i;skip_x;skip_y;start_x;screen_pos;old_screen_pos;left_x;right_x;left_u;left_v;right_u;right_v;left_u_skip;left_v_skip;u_add;v_add
172,F:\WLIBS\animate\bitmap.c,0x24,1,1185064,308,Get_Bitmap_Actual_Size,14,bitmap_addr;2x1;2y1;2width;2height;length;bitmap_height;bitmap_width;y2;x2;x;y;offset;bitmap
172,F:\WLIBS\animate\bitmap.c,0x24,1,1185372,336,Line_Texture_Map,15,width;bitmap_width;left_u;left_v;right_u;right_v;screen_pos;video;bitmap;u_add;v_add;u_pos;v_pos;bitmap_pos;x
172,F:\WLIBS\animate\bitmap.c,0x24,1,1185708,126,Get_Bitmap_Pixel,6,bitmap;x;y;width;frame_offset;frame_offset_table
173,F:\WLIBS\palette\palette.c,0x24,1,1185834,170,Set_Palette_Colors,5,start_color;color_count;color_array;i;color_pos
173,F:\WLIBS\palette\palette.c,0x24,1,1186004,78,Set_Palette_Changes,3,start_color;end_color;i
173,F:\WLIBS\palette\palette.c,0x24,1,1186082,78,Clear_Palette_Changes,3,start_color;end_color;i
173,F:\WLIBS\palette\palette.c,0x24,1,1186160,51,Save_Palette,0,
173,F:\WLIBS\palette\palette.c,0x24,1,1186211,65,Restore_Palette,1,i
173,F:\WLIBS\palette\palette.c,0x24,1,1186276,231,Set_Palette_Gradient,14,start_color;color_count;red_1;green_1;blue_1;red_2;green_2;blue_2;data_segment;i;red;green;blue;pos
173,F:\WLIBS\palette\palette.c,0x24,1,1186507,105,Set_Glass_Remap_Color,5,remap_color;red;green;blue;intensity
173,F:\WLIBS\palette\palette.c,0x24,1,1186612,41,Reset_Cycle_Palette_Color,0,
173,F:\WLIBS\palette\palette.c,0x24,1,1186653,782,Cycle_Palette_Color,15,color_num;red_min;green_min;blue_min;red_max;green_max;blue_max;step_value;delta_red;delta_green;delta_blue;primary_color;store_red;store_blue;store_green
173,F:\WLIBS\palette\palette.c,0x24,1,1187435,272,Update_Cycle,2,/color_min;/color_max
173,F:\WLIBS\palette\palette.c,0x24,1,1187707,234,Refresh_Palette,7,i;pal_num;start_color;color_count;pal_pos;already_stored_count;pass
173,F:\WLIBS\palette\palette.c,0x24,1,1187941,55,Allocate_Glass_Remap_Next_Block,1,block
173,F:\WLIBS\palette\palette.c,0x24,1,1187996,77,Save_Glass_Remap_Block,1,block
173,F:\WLIBS\palette\palette.c,0x24,1,1188073,78,Restore_Glass_Remap_Block,1,block
173,F:\WLIBS\palette\palette.c,0x24,1,1188151,535,RGB_To_HLS,12,red;green;blue;4hue;4lum;4sat;max_value;min_value;delta;fred;fgreen;fblue
173,F:\WLIBS\palette\palette.c,0x24,1,1188686,275,HLS_To_RGB,8,hue;lum;sat;red;green;blue;m2;m1
173,F:\WLIBS\palette\palette.c,0x24,1,1188961,318,Value,6,n1;n2;hue;return_value;x;y
174,F:\WLIBS\smack\smckplay.c,0x24,1,1189279,117,radmalloc,3,numbytes;2temp;i
174,F:\WLIBS\smack\smckplay.c,0x24,1,1189396,50,radfree,1,&ptr
174,F:\WLIBS\smack\smckplay.c,0x24,1,1189446,248,Open_Smacker_Animation,5,name;sound_flag;user_flags;flags;5filename
174,F:\WLIBS\smack\smckplay.c,0x24,1,1189694,36,Set_Smacker_Animation_Frame,1,frame_num
174,F:\WLIBS\smack\smckplay.c,0x24,1,1189730,65,Get_Smacker_Animation_Height,0,
174,F:\WLIBS\smack\smckplay.c,0x24,1,1189795,65,Get_Smacker_Animation_Width,0,
174,F:\WLIBS\smack\smckplay.c,0x24,1,1189860,65,Get_Smacker_Animation_Total_Frames,0,
174,F:\WLIBS\smack\smckplay.c,0x24,1,1189925,68,Get_Smacker_Animation_Frame,0,
174,F:\WLIBS\smack\smckplay.c,0x24,1,1189993,363,Draw_Smacker_Animation,2,x;y
174,F:\WLIBS\smack\smckplay.c,0x24,1,1190356,61,Close_Smacker_Animation,0,
174,F:\WLIBS\smack\smckplay.c,0x24,1,1190417,147,Set_Smacker_Palette,2,i;2c
176,F:\WLIBS\memory\strings.c,0x24,1,1191772,113,String_To_Upper,2,name;i
176,F:\WLIBS\memory\strings.c,0x24,1,1191885,113,String_To_Lower,2,name;i
176,F:\WLIBS\memory\strings.c,0x24,1,1191998,148,Trim,4,name;i;start_pos;end_pos
176,F:\WLIBS\memory\strings.c,0x24,1,1192146,63,Swap,3, value1; value2;temp
176,F:\WLIBS\memory\strings.c,0x24,1,1192209,67,Swap_Short,3,"""value1;""value2;temp"
176,F:\WLIBS\memory\strings.c,0x24,1,1192276,63,Swap_Char,3,value1;value2;temp
176,F:\WLIBS\memory\strings.c,0x24,1,1192339,63,Swap_Long,3,%value1;%value2;temp
176,F:\WLIBS\memory\strings.c,0x24,1,1192402,101,Delete_Structure,4,record_num;address;struct_size;total_records
177,F:\WLIBS\palette\remap.c,0x24,1,1192503,644,Update_Glass_Remap_Colors,8,i;j;tint_red;tint_green;tint_blue;red;green;blue
177,F:\WLIBS\palette\remap.c,0x24,1,1193147,623,Update_Glass_Remap_Color_Range,10,start_color;end_color;i;j;tint_red;tint_green;tint_blue;red;green;blue
177,F:\WLIBS\palette\remap.c,0x24,1,1193770,415,Sort_Palette_List,5,i;j;count;index;found
177,F:\WLIBS\palette\remap.c,0x24,1,1194185,741,Find_Closest_Color,24,red;green;blue;i;pos;closest_value;dd_red;dd_green;dd_blue;value;count;min_red;max_red;min_green;max_green;min_blue;max_blue;closest_distance;distance;$hits;hit_count;total_hits;closest_color;found_color
177,F:\WLIBS\palette\remap.c,0x24,1,1194926,238,Get_Palette_Animation_Color,8,picture;color_index;red;green;blue;start_color;index;new_palette
177,F:\WLIBS\palette\remap.c,0x24,1,1195164,122,Calculate_Picture_Remap_Colors,1,picture
177,F:\WLIBS\palette\remap.c,0x24,1,1195286,203,Create_Picture_Remap_Palette,8,new_palette;remaped_palette_colors;green;blue;red;i;color;index
177,F:\WLIBS\palette\remap.c,0x24,1,1195489,53,Get_Remap_Palette_Color,1,color_num
177,F:\WLIBS\palette\remap.c,0x24,1,1195542,96,Get_Palette_RGB,4,palette_num;red;green;blue
179,F:\WLIBS\special\special.c,0x24,1,1196845,387,Interpolate_Line,8, x; y;end_x;end_y;step_size;delta_x;delta_y;angle
179,F:\WLIBS\special\special.c,0x24,1,1197232,391,Absolute_Interpolate_Line,10, x; y;source_x;source_y;end_x;end_y;step_size;delta_x;delta_y;angle
179,F:\WLIBS\special\special.c,0x24,1,1197623,141,Range,7,x1;y1;x2;y2;delta_x;delta_y;range
179,F:\WLIBS\special\special.c,0x24,1,1197764,165,Delta_XY_With_Wrap,9,x1;y1;x2;y2;wrap_x;delta_x1;delta_x2;delta_y;range
179,F:\WLIBS\special\special.c,0x24,1,1197929,549,Path,16,x1;y1;x2;y2;path_string_x;path_string_y;length;delta_x;delta_y;sptr;sign_x;sign_y;cur_x;cur_y;&remainder;&delta_add
179,F:\WLIBS\special\special.c,0x24,1,1198478,772,Path_Wrap,20,x1;y1;x2;y2;'path_string_x;'path_string_y;MAP_X;length;delta_x;delta_y;sptr;sign_x;sign_y;cur_x;cur_y;&remainder;&delta_add;i;base_delta_x;mid
179,F:\WLIBS\special\special.c,0x24,1,1199250,155,isqrt,3,n;lo;hi
180,F:\WLIBS\graphics\line.c,0x24,1,1199405,1578,Line,19,x1;y1;x2;y2;color;temp;adj_up;adj_down;error_term;x_advance;x_delta;y_delta;whole_step;initial_pixel_count;final_pixel_count;i;j;run_length;long_current_video_page
180,F:\WLIBS\graphics\line.c,0x24,1,1200983,1093,Clip_Line,12,x1;y1;x2;y2;clipped_flag;tempx;tempy;clipped_difference;x_clipped;y_clipped;delta_x;delta_y
180,F:\WLIBS\graphics\line.c,0x24,1,1202076,106,Draw_Horizontal_Run,6,long_current_video_page;x_advance;run_length;color;i;working_screen
180,F:\WLIBS\graphics\line.c,0x24,1,1202182,106,Draw_Vertical_Run,6,long_current_video_page;x_advance;run_length;color;i;working_screen
180,F:\WLIBS\graphics\line.c,0x24,1,1202288,1645,Multi_Colored_Line,20,x1;y1;x2;y2;color_array;rotation;temp;adj_up;adj_down;error_term;x_advance;x_delta;y_delta;whole_step;initial_pixel_count;final_pixel_count;i;j;run_length;long_current_video_page
180,F:\WLIBS\graphics\line.c,0x24,1,1203933,128,Draw_Horizontal_Run_Multi,7,long_current_video_page;x_advance;run_length;color_array;rotation;i;working_screen
180,F:\WLIBS\graphics\line.c,0x24,1,1204061,128,Draw_Vertical_Run_Multi,7,long_current_video_page;x_advance;run_length;color_array;rotation;i;working_screen
180,F:\WLIBS\graphics\line.c,0x24,1,1204189,1620,Anti_Alias_Line,20,x1;y1;x2;y2;color;alias_color;temp;adj_up;adj_down;error_term;x_advance;x_delta;y_delta;whole_step;initial_pixel_count;final_pixel_count;i;j;run_length;long_current_video_page
180,F:\WLIBS\graphics\line.c,0x24,1,1205809,123,Draw_Horizontal_Run_Alias,7,long_current_video_page;x_advance;run_length;color;alias_color;i;working_screen
180,F:\WLIBS\graphics\line.c,0x24,1,1205932,124,Draw_Vertical_Run_Alias,7,long_current_video_page;x_advance;run_length;color;alias_color;i;working_screen
180,F:\WLIBS\graphics\line.c,0x24,1,1206056,432,Plasma_Box,11,x;y;width;height;thickness;seed;starting_level;color_array;i;j;temp
180,F:\WLIBS\graphics\line.c,0x24,1,1206488,343,Create_Plasma_Line,9,seed;starting_level;color_array;i;old_value;direction;direction_add;new_value;&old_random_seed
180,F:\WLIBS\graphics\line.c,0x24,1,1206831,1652,Plasma_Line,20,x1;y1;x2;y2;color_array;rotation;temp;adj_up;adj_down;error_term;x_advance;x_delta;y_delta;whole_step;initial_pixel_count;final_pixel_count;i;j;run_length;long_current_video_page
180,F:\WLIBS\graphics\line.c,0x24,1,1208483,126,Draw_Horizontal_Run_Plasma,7,long_current_video_page;x_advance;run_length;color_array;rotation;i;working_screen
180,F:\WLIBS\graphics\line.c,0x24,1,1208609,126,Draw_Vertical_Run_Plasma,7,long_current_video_page;x_advance;run_length;color_array;rotation;i;working_screen
181,F:\WLIBS\animate\replace.c,0x24,1,1208735,671,Replace_Color,34,!picture;color_to_replace;replacement_color;palette_num;start;count;palette_pos;pict_size;frame_num;#current_palette_long;palette_data;frame_offset;#frame_offset_table;bitmap_size;pos;screen_pos;line_add;i;height;width;data;screen_data;x;y;buffer_pos_word;buffer_pos;packet_pos;data_count;skip_count;store_type;line_skip;$frame_data_word;bank_num;frame_data
181,F:\WLIBS\animate\replace.c,0x24,1,1209406,657,Replace_Color_All,33,!picture;replacement_color;palette_num;start;count;palette_pos;pict_size;frame_num;#current_palette_long;palette_data;frame_offset;#frame_offset_table;bitmap_size;pos;screen_pos;line_add;i;height;width;data;screen_data;x;y;buffer_pos_word;buffer_pos;packet_pos;data_count;skip_count;store_type;line_skip;$frame_data_word;bank_num;frame_data
181,F:\WLIBS\animate\replace.c,0x24,1,1210063,41,No_Replace_Mask_Msg,0,
181,F:\WLIBS\animate\replace.c,0x24,1,1210104,779,Replace_Color_Gradient,35,!picture;color_array;color_count;reverse_flag;palette_num;start;count;palette_pos;pict_size;frame_num;#current_palette_long;palette_data;frame_offset;#frame_offset_table;bitmap_size;pos;screen_pos;line_add;i;height;width;data;screen_data;x;y;buffer_pos_word;buffer_pos;packet_pos;data_count;skip_count;store_type;line_skip;$frame_data_word;bank_num;frame_data
181,F:\WLIBS\animate\replace.c,0x24,1,1210883,899,Replace_Gradient_Range,38,!picture;color_array;color_count;reverse_flag;min_color;max_color;palette_num;start;count;palette_pos;pict_size;frame_num;color_pos;#current_palette_long;palette_data;frame_offset;#frame_offset_table;bitmap_size;pos;screen_pos;line_add;i;height;width;data;screen_data;x;y;buffer_pos_word;buffer_pos;packet_pos;data_count;skip_count;store_type;line_skip;$frame_data_word;bank_num;frame_data
181,F:\WLIBS\animate\replace.c,0x24,1,1211782,858,Replace_Color_Range,37,!picture;color_array;start_color;color_count;palette_num;start;count;palette_pos;pict_size;frame_num;color_pos;#current_palette_long;palette_data;frame_offset;#frame_offset_table;bitmap_size;pos;screen_pos;line_add;i;height;width;data;screen_data;x;y;buffer_pos_word;buffer_pos;packet_pos;data_count;skip_count;store_type;line_skip;$frame_data_word;bank_num;end_color;frame_data
181,F:\WLIBS\animate\replace.c,0x24,1,1212640,213,Establish_Color_Gradient,4,color_count;reverse_flag;i;color_value
181,F:\WLIBS\animate\replace.c,0x24,1,1212853,116,Shift_Palette_Range,8,!picture;new_start;palette_num;start;count;palette_pos;#current_palette_long;palette_data
181,F:\WLIBS\animate\replace.c,0x24,1,1212969,150,Gray_Scale_Off_Page,4,start_color;color_count;inverse_flag;i
181,F:\WLIBS\animate\replace.c,0x24,1,1213119,198,Interlaced_Gray_Scale_Off_Page,6,start_color1;color_count1;start_color2;color_count2;inverse_flag;i
182,F:\WLIBS\special\angle.c,0x24,1,1213625,348,Get_Angle,3,x;y;result
182,F:\WLIBS\special\angle.c,0x24,1,1213973,353,Sin,3,angle;length;result
182,F:\WLIBS\special\angle.c,0x24,1,1214326,60,Cos,6,angle;length;new_x;new_x;new_x;new_y
182,F:\WLIBS\special\angle.c,0x24,1,1214386,978,Rotate_Coordinates,8,angle;$x;$y;sin_angle_x;sin_angle_y;cos_angle_x;cos_angle_y;trivial
187,F:\WLIBS\net\netcode.c,0x24,1,1216315,295,Net_Init,4,type;gameID;(receiveMessage;+modem_settings
187,F:\WLIBS\net\netcode.c,0x24,1,1216610,89,Net_Uninit,0,
187,F:\WLIBS\net\netcode.c,0x24,1,1216699,108,Net_Update,1,reentrant
187,F:\WLIBS\net\netcode.c,0x24,1,1216807,44,Net_Is_Sending,0,
187,F:\WLIBS\net\netcode.c,0x24,1,1216851,185,Net_Send_Message,4,dest;userType;/data;dataSize
187,F:\WLIBS\net\netcode.c,0x24,1,1217036,136,Net_Status,1,status
187,F:\WLIBS\net\netcode.c,0x24,1,1217172,196,Net_Get_Users,3,userList;i;9st
187,F:\WLIBS\net\netcode.c,0x24,1,1217368,47,Set_Null_Modem_Slave,0,
187,F:\WLIBS\net\netcode.c,0x24,1,1217415,47,Set_Null_Modem_Host,0,
187,F:\WLIBS\net\netcode.c,0x24,1,1217462,145,Net_Is_User_Valid,2,id;9st
187,F:\WLIBS\net\netcode.c,0x24,1,1217607,47,Net_Host_ID,2,<temp;open
187,F:\WLIBS\net\netcode.c,0x24,1,1217654,483,Net_Update_Game_List,4,i;j;onlist;9st
187,F:\WLIBS\net\netcode.c,0x24,1,1218137,49,Net_Get_Game_Count,0,
187,F:\WLIBS\net\netcode.c,0x24,1,1218186,110,Net_Get_Game_Name,1,game
187,F:\WLIBS\net\netcode.c,0x24,1,1218296,87,Net_Get_Game_Status,1,game
187,F:\WLIBS\net\netcode.c,0x24,1,1218383,222,Net_Join_Game,5,gameName;password;playerName;i;9st
187,F:\WLIBS\net\netcode.c,0x24,1,1218605,189,Net_Create_Game,7,gameId;gameName;numPlayers;password;playerName;i;9st
187,F:\WLIBS\net\netcode.c,0x24,1,1218794,100,Net_Get_Player_Count,2,retval;9st
187,F:\WLIBS\net\netcode.c,0x24,1,1218894,65,Net_Enable_New_Players,0,
187,F:\WLIBS\net\netcode.c,0x24,1,1218959,65,Net_Disable_New_Players,0,
187,F:\WLIBS\net\netcode.c,0x24,1,1219024,47,Net_New_Players_Enabled,0,
191,F:\WLIBS\palette\reduce.c,0x24,1,1219315,651,Reduce_Palette,14,'palette_list;start_color;total_color_count;reduced_color_count;split_cube;i;j;axis;color_error;best_color;dr;db;dg;best_error
191,F:\WLIBS\palette\reduce.c,0x24,1,1219966,1835,Split_Cube,10,*palette_list;split_pos;axis;total_color_count;slice_point;i;running_total;total_weight;temp_weight1;temp_weight2
191,F:\WLIBS\palette\reduce.c,0x24,1,1221801,616,Sort_Cube_Points,7,-palette_list;.points;count;axis;i;j;changed_flag
191,F:\WLIBS\palette\reduce.c,0x24,1,1222417,187,Find_Longest_Axis,4,split_pos;lr;lg;lb
191,F:\WLIBS\palette\reduce.c,0x24,1,1222604,131,Initial_Cube,3,2palette_list;total_color_count;i
191,F:\WLIBS\palette\reduce.c,0x24,1,1222735,324,Find_Next_Lowest_Cube_Level,7,level;i;next_split;largest_cube;lr;lg;lb
191,F:\WLIBS\palette\reduce.c,0x24,1,1223059,302,Shrink_Cube,7,5cube;7palette_list;r;g;b;i;color_num
191,F:\WLIBS\palette\reduce.c,0x24,1,1223361,40,Clear_Reduced_Palette_Groups,0,
191,F:\WLIBS\palette\reduce.c,0x24,1,1223401,280,Add_Reduced_Palette_Group,4,picture;index;i;palette_data
191,F:\WLIBS\palette\reduce.c,0x24,1,1223681,221,Compress_Reduced_Palette_Groups,3,start_color;color_count;i
193,F:\WLIBS\sound\lbx.c,0x24,1,1223943,44,LBX_create,1,lbxname
193,F:\WLIBS\sound\lbx.c,0x24,1,1223987,321,LBX_init,4,&lbx;filename;i;(current
193,F:\WLIBS\sound\lbx.c,0x24,1,1224308,71,LBX_uninit,1,&lbx
193,F:\WLIBS\sound\lbx.c,0x24,1,1224379,155,LBX_readRecord,4,"&lbx;num;*ptr;,error_msg"
193,F:\WLIBS\sound\lbx.c,0x24,1,1224534,124,LBX_readPartialRecord,5,&lbx;num;*ptr;offset;size
193,F:\WLIBS\sound\lbx.c,0x24,1,1224658,55,LBX_getRecordLength,2,&lbx;num
193,F:\WLIBS\sound\lbx.c,0x24,1,1224713,55,LBX_getRecordLocation,2,&lbx;num
193,F:\WLIBS\sound\lbx.c,0x24,1,1224768,839,LBX_writeRecord,9,&lbx;num;*ptr;size;recordLength;bytesWritten;blockSize;i;f
193,F:\WLIBS\sound\lbx.c,0x24,1,1225607,792,LBX_appendRecord,9,&lbx;num;*ptr;size;recordLength;bytesWritten;blockSize;i;f
193,F:\WLIBS\sound\lbx.c,0x24,1,1226399,798,LBX_deleteRecord,7,&lbx;num;recordLength;bytesWritten;blockSize;i;f
194,F:\WLIBS\allocate\swap.c,0x24,1,1227197,201,Save_Block_To_Drive,5,"block;reqd_memory;name;,header;1fptr"
194,F:\WLIBS\allocate\swap.c,0x24,1,1227398,117,Restore_Block_From_Drive,4,"name;block;,header;1fptr"
195,F:\WLIBS\graphics\bolt.c,0x24,1,1227515,969,Bolt_Line,35,x1;y1;x2;y2;start_color;color_count;random_color_change_chance;max_random_color_change;rotation;anti_alias_head_flag;triangular_shape_flag;glowing_head_flag;fading_intensity_flag;laser_inter_locking_flag;no_line_anti_alias_flag;BOLT_CENTER_MAX_INTENSITY;BOLT_CENTER_MIN_INTENSITY;BOLT_SIDE_MAX_INTENSITY;BOLT_SIDE_MIN_INTENSITY;side_color_count;side_color_start;cardinal_color;corner_color;center_color_count;center_color_start;line1_x1;line2_x1;line1_y1;line2_y1;line1_x2;line2_x2;line1_y2;line2_y2;delta_x_add;delta_y_add
195,F:\WLIBS\graphics\bolt.c,0x24,1,1228484,872,Bolt_Segment,29,x1;y1;x2;y2;start_color;color_count;random_color_change_chance;max_random_color_change;first_color;last_color;fading_intensity_flag;laser_inter_locking_flag;rotation;head_flag;i;length;delta_x;delta_y;delta_add;delta_sum;random_add;min_random;max_random;end_color;random_range;random_sub;head_color;max_color;%old_random_seed
195,F:\WLIBS\graphics\bolt.c,0x24,1,1229356,1642,Wide_Bolt_Line,46,x1;y1;x2;y2;start_color;color_count;random_color_change_chance;max_random_color_change;rotation;anti_alias_head_flag;triangular_shape_flag;glowing_head_flag;fading_intensity_flag;laser_inter_locking_flag;no_line_anti_alias_flag;BOLT_CENTER_MAX_INTENSITY;BOLT_CENTER_MIN_INTENSITY;BOLT_SIDE_MAX_INTENSITY;BOLT_SIDE_MIN_INTENSITY;BOLT_EDGE_MAX_INTENSITY;BOLT_EDGE_MIN_INTENSITY;side_color_count;side_color_start;cardinal_color;corner_color;center_color_count;center_color_start;line1_x1;line2_x1;line1_y1;line2_y1;line1_x2;line2_x2;line1_y2;line2_y2;line3_x1;line3_x2;line3_y1;line3_y2;line4_x1;line4_x2;line4_y1;line4_y2;delta_x_add;delta_y_add;angle
203,E:\WLIBS\modem\simmodem.c,0x24,1,1231963,106,Init_Modem,2,nsettings;oreceiveMessage
203,E:\WLIBS\modem\simmodem.c,0x24,1,1232069,50,Uninit_Modem,0,
203,E:\WLIBS\modem\simmodem.c,0x24,1,1232119,93,Modem_Output,2,modem_char;modem_output
203,E:\WLIBS\modem\simmodem.c,0x24,1,1232212,81,Modem_Read_Char,1,modem_char
203,E:\WLIBS\modem\simmodem.c,0x24,1,1232293,92,Modem_Answer,0,
203,E:\WLIBS\modem\simmodem.c,0x24,1,1232385,215,Modem_Dial_Number,4,yinit;{dial_string;|input_buffer;ms_counter
203,E:\WLIBS\modem\simmodem.c,0x24,1,1232600,261,Get_Modem_Error,5,modem_error;}temp_string;esc;start_time;time_out
203,E:\WLIBS\modem\simmodem.c,0x24,1,1232861,75,Modem_Connected,0,
203,E:\WLIBS\modem\simmodem.c,0x24,1,1232936,201,Modem_Hang_Up,1,yinit
203,E:\WLIBS\modem\simmodem.c,0x24,1,1233137,159,Modem_Reset,1,yinit
203,E:\WLIBS\modem\simmodem.c,0x24,1,1233296,55,Modem_Write_Char,1,key
203,E:\WLIBS\modem\simmodem.c,0x24,1,1233351,159,Modem_Open_Port,1,nsettings
203,E:\WLIBS\modem\simmodem.c,0x24,1,1233510,64,Modem_Close_Port,0,
204,F:\WLIBS\net\transprt.c,0x24,1,1233574,158,InitTransportLayer,1,receptionBufferSize
204,F:\WLIBS\net\transprt.c,0x24,1,1233732,88,UninitTransportLayer,0,
204,F:\WLIBS\net\transprt.c,0x24,1,1233820,179,PacketAcked,3,packet;retval;5st
204,F:\WLIBS\net\transprt.c,0x24,1,1233999,380,UserIsValid,4,id;i;found;5st
204,F:\WLIBS\net\transprt.c,0x24,1,1234379,269,SendPacketBurst,4,numPackets;i;first;canSend
204,F:\WLIBS\net\transprt.c,0x24,1,1234648,131,UpdateTransportLayer,0,
204,F:\WLIBS\net\transprt.c,0x24,1,1234779,170,ResetSending,0,
204,F:\WLIBS\net\transprt.c,0x24,1,1234949,98,ResetReceiving,0,
204,F:\WLIBS\net\transprt.c,0x24,1,1235047,178,SendAck,4,id;messageNum;messageDone;:lmh
204,F:\WLIBS\net\transprt.c,0x24,1,1235225,100,NumUsers,2,i;5st
204,F:\WLIBS\net\transprt.c,0x24,1,1235325,318,AllAcknowledged,2,5st;allAcked
204,F:\WLIBS\net\transprt.c,0x24,1,1235643,963,ReceiveLargeUserMessage,9,messageType;dataSize;data;i;j;messageReceived;ackList;5st;:hdr
204,F:\WLIBS\net\transprt.c,0x24,1,1236606,321,SendPacket,6,num;id;userType;:hdr;totalPackets;bytesToSend
204,F:\WLIBS\net\transprt.c,0x24,1,1236927,455,SendLargeUserMessage,6,userType;messageData;messageLength;whoTo;i;5st
204,F:\WLIBS\net\transprt.c,0x24,1,1237382,164,OutputDebugString,4,?fmt;Etrace_file;Fbuf;argptr
208,F:\WLIBS\fonts\paragrph.c,0x24,1,1237574,569,Print_Paragraph,6,x;y;max_width; string;print_type;i
208,F:\WLIBS\fonts\paragrph.c,0x24,1,1238143,1024,Mark_Paragraph,25,x;y;full_width; string;error;str_ptr;font_height;i;spacing;line_feed;line_num;terminated_flag;xmin;ypos;xmax;skip_flag;blank_pos;temp_ptr;character;tab;max_width;x_override;pseg;#string_widths;$buffer
208,F:\WLIBS\fonts\paragrph.c,0x24,1,1239167,123,Get_Paragraph_Max_Height,7,max_width; string;line_feed;font_height;height;i;ymax
208,F:\WLIBS\fonts\paragrph.c,0x24,1,1239290,420,Get_Paragraph_Max_Width,13,max_width; string;print_type;width;xmax;i;x1;x2;xc;string_width;x1min;x2max;horizontal_spacing
208,F:\WLIBS\fonts\paragrph.c,0x24,1,1239710,40,Reset_Paragraph_Exclusions,0,
208,F:\WLIBS\fonts\paragrph.c,0x24,1,1239750,143,Set_Paragraph_Exclusion_Area,4,x1;y1;x2;y2
208,F:\WLIBS\fonts\paragrph.c,0x24,1,1239893,169,Set_Paragraph_Exclusion_Picture,5,x1;y1;)picture;ddx;ddy
208,F:\WLIBS\fonts\paragrph.c,0x24,1,1240062,86,Remove_Paragraph_Marks,2, string;i
208,F:\WLIBS\fonts\paragrph.c,0x24,1,1240148,517,Print_Paragraph_To_Bitmap,7,x;y;max_width; string;print_type;)bitmap_seg;i
210,F:\WLIBS\graphics\fade.c,0x24,1,1240702,158,Blinds_Fade,7,x1;y1;x2;y2;blind_size;pass;y
232,F:\WLIBS\fonts\sysfont.c,0x24,1,1262408,1044,Load_System_Font,8,data_offset;char_num;row;pos;base_data;-data;i;skip_count
232,F:\WLIBS\fonts\sysfont.c,0x24,1,1263452,367,Load_System_Mouse,4,i;j;white_color;black_color
240,F:\WLIBS\video\vga.c,0x24,1,1268442,31,Set_Video_Mode_Lo_Res,0,
240,F:\WLIBS\video\vga.c,0x24,1,1268473,31,Set_Video_Mode_Mode_X,0,
240,F:\WLIBS\video\vga.c,0x24,1,1268504,31,Set_Video_Mode_Mode_X240,0,
240,F:\WLIBS\video\vga.c,0x24,1,1268535,31,Set_Video_Mode_Mode_Y,0,
240,F:\WLIBS\video\vga.c,0x24,1,1268566,31,Full_Screen_Dump_Lo_Res,0,
240,F:\WLIBS\video\vga.c,0x24,1,1268597,31,Full_Screen_Dump_Mode_X,0,
240,F:\WLIBS\video\vga.c,0x24,1,1268628,31,Full_Screen_Dump_Mode_X240,0,
240,F:\WLIBS\video\vga.c,0x24,1,1268659,31,Full_Screen_Dump_Mode_Y,0,
240,F:\WLIBS\video\vga.c,0x24,1,1268690,31,Partial_Screen_Dump_Lo_Res,0,
240,F:\WLIBS\video\vga.c,0x24,1,1268721,31,Partial_Screen_Dump_Mode_X,0,
240,F:\WLIBS\video\vga.c,0x24,1,1268752,31,Partial_Screen_Dump_Mode_X240,0,
240,F:\WLIBS\video\vga.c,0x24,1,1268783,31,Partial_Screen_Dump_Mode_Y,0,
240,F:\WLIBS\video\vga.c,0x24,1,1268814,31,Masked_Screen_Dump_Lo_Res,0,
240,F:\WLIBS\video\vga.c,0x24,1,1268845,31,Masked_Screen_Dump_Mode_X,0,
240,F:\WLIBS\video\vga.c,0x24,1,1268876,31,Masked_Screen_Dump_Mode_X240,0,
240,F:\WLIBS\video\vga.c,0x24,1,1268907,31,Masked_Screen_Dump_Mode_Y,0,
240,F:\WLIBS\video\vga.c,0x24,1,1268938,39,Copy_Off_To_On_Lo_Res,4,x1;y1;x2;y2
240,F:\WLIBS\video\vga.c,0x24,1,1268977,39,Copy_Off_To_On_Mode_X,4,x1;y1;x2;y2
240,F:\WLIBS\video\vga.c,0x24,1,1269016,39,Copy_Off_To_On_Mode_X240,4,x1;y1;x2;y2
240,F:\WLIBS\video\vga.c,0x24,1,1269055,39,Copy_Off_To_On_Mode_Y,4,x1;y1;x2;y2
240,F:\WLIBS\video\vga.c,0x24,1,1269094,31,Save_Mouse_Lo_Res,0,
240,F:\WLIBS\video\vga.c,0x24,1,1269125,31,Save_Mouse_Mode_X,0,
240,F:\WLIBS\video\vga.c,0x24,1,1269156,31,Save_Mouse_Mode_X240,0,
240,F:\WLIBS\video\vga.c,0x24,1,1269187,31,Save_Mouse_Mode_Y,0,
240,F:\WLIBS\video\vga.c,0x24,1,1269218,31,Restore_Mouse_Lo_Res,0,
240,F:\WLIBS\video\vga.c,0x24,1,1269249,31,Restore_Mouse_Mode_X,0,
240,F:\WLIBS\video\vga.c,0x24,1,1269280,31,Restore_Mouse_Mode_X240,0,
240,F:\WLIBS\video\vga.c,0x24,1,1269311,31,Restore_Mouse_Mode_Y,0,
240,F:\WLIBS\video\vga.c,0x24,1,1269342,31,Draw_Mouse_Lo_Res,0,
240,F:\WLIBS\video\vga.c,0x24,1,1269373,31,Draw_Mouse_Mode_X,0,
240,F:\WLIBS\video\vga.c,0x24,1,1269404,31,Draw_Mouse_Mode_X240,0,
240,F:\WLIBS\video\vga.c,0x24,1,1269435,31,Draw_Mouse_Mode_Y,0,
240,F:\WLIBS\video\vga.c,0x24,1,1269466,31,Save_Video_State_Lo_Res,0,
240,F:\WLIBS\video\vga.c,0x24,1,1269497,31,Save_Video_State_Mode_X,0,
240,F:\WLIBS\video\vga.c,0x24,1,1269528,31,Save_Video_State_Mode_X240,0,
240,F:\WLIBS\video\vga.c,0x24,1,1269559,31,Save_Video_State_Mode_Y,0,
240,F:\WLIBS\video\vga.c,0x24,1,1269590,31,Restore_Video_State_Lo_Res,0,
240,F:\WLIBS\video\vga.c,0x24,1,1269621,31,Restore_Video_State_Mode_X,0,
240,F:\WLIBS\video\vga.c,0x24,1,1269652,31,Restore_Video_State_Mode_X240,0,
240,F:\WLIBS\video\vga.c,0x24,1,1269683,31,Restore_Video_State_Mode_Y,0,
241,F:\WLIBS\video\vesa.c,0x24,1,1269714,239,Test_For_Vesa,3,i; regs_for_dpmi;&VesaInfo
241,F:\WLIBS\video\vesa.c,0x24,1,1269953,303,Get_Vesa_Total_Memory,3,i; regs_for_dpmi;&VesaInfo
241,F:\WLIBS\video\vesa.c,0x24,1,1270256,344,Get_Vesa_Granularity,3,i; regs_for_dpmi;*VesaModeInfo
241,F:\WLIBS\video\vesa.c,0x24,1,1270600,111,Set_Video_Mode_Vesa,1,i
266,F:\WLIBS\animate\clipped.c,0x24,1,1279517,451,Clipped_Draw_Bitmap_Sprite,7,x1;y1;src;i;dst;cwidth;cheight
266,F:\WLIBS\animate\clipped.c,0x24,1,1279968,532,Clipped_Draw_Glassed_Bitmap_Sprite,10,x1;y1;src;i;j;ts;td;dst;cwidth;cheight
266,F:\WLIBS\animate\clipped.c,0x24,1,1280500,575,Clipped_Draw_Animated_Sprite,15,x1;y1;frame;x;y;cx1;cy1;cx2;cy2;dst;src;line_ptr;data;skip;bottom
266,F:\WLIBS\animate\clipped.c,0x24,1,1281075,804,Clipped_Draw_Glassed_Animated_Sprite,18,x1;y1;frame;i;x;y;cx1;cy1;cx2;cy2;dst;src;line_ptr;ts;td;data;skip;bottom
266,F:\WLIBS\animate\clipped.c,0x24,1,1281879,1057,Clipped_Draw_Stenciled_Animated_Sprite,41,x1;y1;frame_data;bitmap_size;pos;screen_pos;x;y;i;screen_start;buffer_pos;buffer_pos_word;packet_end;height;data_count;skip_count;store_type;line_skip;width;x2;y2;xx1;yy1;skip_x;start_x;skip_y;start_y;actual_width;actual_height;skip_add;clipped_count;clipped_add;data;frame_data_word;buffer_add;screen_pixel_start;screen_pixel_end;drawn_flag;screen_line_add;screen_line_start;screen_line_end
266,F:\WLIBS\animate\clipped.c,0x24,1,1282936,1121,AClipped_Draw_Stenciled_Animated_Sprite,42,x1;y1;frame_data;bitmap_size;pos;screen_pos;x;y;i;screen_start;buffer_pos;buffer_pos_word;packet_end;height;data_count;skip_count;store_type;line_skip;width;x2;y2;x_flag;xx1;yy1;skip_x;start_x;skip_y;start_y;actual_width;actual_height;skip_add;clipped_count;clipped_add;data;frame_data_word;buffer_add;x_pos1;y_pos;x_pos2;screen_line_add;screen_line_start;screen_line_end
274,F:\WLIBS\net\comcore.c,0x24,1,1302003,391,ComInit,5,maxMessageLength;1gameID;mode;8receiveFunc;status
274,F:\WLIBS\net\comcore.c,0x24,1,1302394,176,ComEnd,0,
274,F:\WLIBS\net\comcore.c,0x24,1,1302570,63,ComDoComms,0,
274,F:\WLIBS\net\comcore.c,0x24,1,1302633,393,ComSendUserMessage,11,1messageData;messageLength;whoTo;userMessageNum; messagePriority;userType;Cpdu;source;dest;dx;netStatus
274,F:\WLIBS\net\comcore.c,0x24,1,1303026,285,GetMessages,4,Dpduhdr;loopcount;count;start
274,F:\WLIBS\net\comcore.c,0x24,1,1303311,282,HandleUserMessage,4,1messageBuffer;1source;sx;Fpdu
274,F:\WLIBS\net\comcore.c,0x24,1,1303593,66,ComReleaseComms,0,
274,F:\WLIBS\net\comcore.c,0x24,1,1303659,270,SendKeepAlive,2,netstatus;Jpduptr
274,F:\WLIBS\net\comcore.c,0x24,1,1303929,335,HandleKeepAlive,2,Jpduptr;Pst
274,F:\WLIBS\net\comcore.c,0x24,1,1304264,146,CheckKeepAlive,1,Pst
274,F:\WLIBS\net\comcore.c,0x24,1,1304410,153,SendPDU,7,buffer;PDUType;compression;size;destination;priority;Dpduptr
274,F:\WLIBS\net\comcore.c,0x24,1,1304563,96,hostInDescStation,2,hostID;Pst
274,F:\WLIBS\net\comcore.c,0x24,1,1304659,93,setHostLastKeepAlive,2,hostID;Pst
275,E:\WLIBS\modem\motrans.c,0x24,1,1304752,177,InitModemTransportLayer,1,size
275,E:\WLIBS\modem\motrans.c,0x24,1,1304929,77,UninitModemTransportLayer,0,
275,E:\WLIBS\modem\motrans.c,0x24,1,1305006,96,Send_Receive_Ack,2,"message_num;,ack_modem_packet"
275,E:\WLIBS\modem\motrans.c,0x24,1,1305102,96,Send_Receive_Nack,2,"message_num;,nack_modem_packet"
275,E:\WLIBS\modem\motrans.c,0x24,1,1305198,68,Modem_Send_Message,4,dest;userType;5data;dataSize
275,E:\WLIBS\modem\motrans.c,0x24,1,1305266,66,Modem_Status,1,status
275,E:\WLIBS\modem\motrans.c,0x24,1,1305332,595,Send_Modem_Message,9,"userType;5modem_message_buffer;size;buffer;done;i;space;,send_modem_packet;output_size"
275,E:\WLIBS\modem\motrans.c,0x24,1,1305927,91,Get_Received_Ack,0,
275,E:\WLIBS\modem\motrans.c,0x24,1,1306018,55,Modem_Clear,0,
275,E:\WLIBS\modem\motrans.c,0x24,1,1306073,156,Modem_Update,0,
275,E:\WLIBS\modem\motrans.c,0x24,1,1306229,810,Receive_Modem_Packet,10,done;i;crc_check;space;size;time_out;old_time;old_space;9debug_message;last_message_num
276,F:\WLIBS\net\net.c,0x24,1,1307039,248,StartNovellConnection,2,7openReq;9fullfilename
276,F:\WLIBS\net\net.c,0x24,1,1307287,92,NetOpen,3,7openReq;i;0st
276,F:\WLIBS\net\net.c,0x24,1,1307379,322,NetSend,3,<sendReq;ReturnValue;timeNow
276,F:\WLIBS\net\net.c,0x24,1,1307701,153,NetPoll,4,@pollReq;ECB_Status;gp;compSize
276,F:\WLIBS\net\net.c,0x24,1,1307854,195,NetEnd,3,0st;0next;Jregs
276,F:\WLIBS\net\net.c,0x24,1,1308049,758,EnterNet,12,othertime;Ppduhdr;Tpdukeepalive;status;assertMsgCnt;stationrequest;tempstationid;wait;!cptr;lastTime;curTime;startTime
276,F:\WLIBS\net\net.c,0x24,1,1308807,179,SendAssertStationPDU,3,stationid;!dest;Ppduptr
276,F:\WLIBS\net\net.c,0x24,1,1308986,525,AddHostToDescStation,11,stationID;timeinit;open;!gameID;network;network_node1;network_node2;0st;0temp;0t2;done
276,F:\WLIBS\net\net.c,0x24,1,1309511,361,AddThisHostToDescStation,11,stationID;timeinit;groupID;!gameID;0temp;0t2;0st;done;network;network_node1;network_node2
276,F:\WLIBS\net\net.c,0x24,1,1309872,139,RemoveHostFromDescStation,3,stationID;0pSt;0pLastSt
276,F:\WLIBS\net\net.c,0x24,1,1310011,138,GetTempStationID,3,hostID;used;0st
276,F:\WLIBS\net\net.c,0x24,1,1310149,289,Get_Network_Address,6,Znetwork;Znode1;[node2;^regs_for_dpmi;Ztemp_int_ptr;[temp_short_ptr
276,F:\WLIBS\net\net.c,0x24,1,1310438,294,Load_Kernel,8,!filename;df;size;!buffer;i;temp;Jinregs;Joutregs
278,F:\WLIBS\lbx\makelbx.c,0x24,1,1310751,336,LBX_Open_File,8,lbx_name;&LBX_fptr;i;magic_number;lbx_file_count;file_count;temp;'buffer
278,F:\WLIBS\lbx\makelbx.c,0x24,1,1311087,549,LBX_Add_File,14,"entry_file_name;&LBX_fptr;&entry_fptr;(LBX_len;(entry_len;(foffset;(next_offset;(temp;(file_pos;)temp_buffer;i;file_size;current_pos;""buffer_lbx"
278,F:\WLIBS\lbx\makelbx.c,0x24,1,1311636,545,LBX_Add_Data_File,16,entry_file_name;starting_offset;record_count;record_size;&LBX_fptr;&entry_fptr;LBX_len;entry_len;foffset;next_offset;temp;file_pos;entry_length;+temp_buffer;i;sizer
278,F:\WLIBS\lbx\makelbx.c,0x24,1,1312181,479,LBX_Extract_File,16,source_file_name;entry_num;&LBX_fptr;&source_fptr;LBX_len;entry_len;foffset;next_offset;temp;file_pos;start_pos;end_pos;-temp_buffer;.entry_name;/entry_description;i
278,F:\WLIBS\lbx\makelbx.c,0x24,1,1312660,105,Read_LBX_File_Type,3,lbx_name;&LBX_fptr;file_type
278,F:\WLIBS\lbx\makelbx.c,0x24,1,1312765,102,Read_LBX_File_Entry_Count,3,lbx_name;&LBX_fptr;file_count
278,F:\WLIBS\lbx\makelbx.c,0x24,1,1312867,200,Repeat_LBX_File,11,&LBX_fptr;&entry_fptr;LBX_len;entry_len;foffset;next_offset;temp;file_pos;coffset;2temp_buffer;i
279,F:\WLIBS\sound\util.c,0x24,1,1313067,95,File_Size,3,f;size;curpos
279,F:\WLIBS\sound\util.c,0x24,1,1313162,78,fileExists,2,filename;ffblk
307,F:\WLIBS\sound\dllload.c,0x24,1,1327063,103,DLL_read,5, src; srcoff; flags;$dest;  length
307,F:\WLIBS\sound\dllload.c,0x24,1,1327166,52,MEM_use_malloc,2,*fn;$old
307,F:\WLIBS\sound\dllload.c,0x24,1,1327218,52,MEM_use_free,2,",fn;$old"
307,F:\WLIBS\sound\dllload.c,0x24,1,1327270,70,MEM_alloc_lock,2,size;$ptr
307,F:\WLIBS\sound\dllload.c,0x24,1,1327340,56,MEM_free_lock,2,$ptr;size
307,F:\WLIBS\sound\dllload.c,0x24,1,1327396,174,MEM_alloc_DOS,9, n_paras;0protected_ptr;1segment_far_ptr;1selector;:inregs;:outregs;#success;$p1;$p2
307,F:\WLIBS\sound\dllload.c,0x24,1,1327570,75,MEM_free_DOS,5,$protected_ptr; segment_far_ptr; selector;:inregs;:outregs
307,F:\WLIBS\sound\dllload.c,0x24,1,1327645,194,VMM_lock_range,7,$p1;$p2;#success;:inregs;:outregs; linear; len
307,F:\WLIBS\sound\dllload.c,0x24,1,1327839,194,VMM_unlock_range,7,$p1;$p2;#success;:inregs;:outregs; linear; len
307,F:\WLIBS\sound\dllload.c,0x24,1,1328033,52,VMM_lock,2,$start; size
307,F:\WLIBS\sound\dllload.c,0x24,1,1328085,52,VMM_unlock,2,$start; size
307,F:\WLIBS\sound\dllload.c,0x24,1,1328137,338,DLL_size,10,$source; flags;?cword;$src_ptr;ALX_hdr;Cobject_table; lx; i; LX_offset; module_size
307,F:\WLIBS\sound\dllload.c,0x24,1,1328475,1305,DLL_load,30,$source; flags;$dll;ALX_hdr;$src_ptr;$object_table_pos;$object_page_table_pos;$fixup_page_table_pos;Cobject_table;Fobject_page_table;Gcword;Hdll_ptr;Iobject_ptr;Jpage_ptr;src;fix_flags;f_object;Htrg_val;srcoff;trgoff; read_size; dll_size; i; j; lx; page_count; LX_offset;1fix_src_ptr; page_offset; next_page_offset
307,F:\WLIBS\sound\dllload.c,0x24,1,1329780,38,FILE_error,0,
307,F:\WLIBS\sound\dllload.c,0x24,1,1329818,126,FILE_size,3,Lfilename;#handle;#len
307,F:\WLIBS\sound\dllload.c,0x24,1,1329944,270,FILE_read,7,Lfilename;$dest;#i;#handle;#len;Lbuf;Lmem
307,F:\WLIBS\sound\dllload.c,0x24,1,1330214,174,FILE_write,5,Lfilename;$buf; len;#i;#handle
307,F:\WLIBS\sound\dllload.c,0x24,1,1330388,169,FILE_append,5,Lfilename;$buf; len;#i;#handle
329,F:\WLIBS\compress\arith1e.c,0x24,1,1362470,234,Compress_Data,10,input;size;output_buffer;output_size;s;c;context;escaped;counter;!output
329,F:\WLIBS\compress\arith1e.c,0x24,1,1362704,222,Uncompress_Data,11,input_buffer;input_size;output;output_size;s;count;c;context;last_context;!input;counter
329,F:\WLIBS\compress\arith1e.c,0x24,1,1362926,320,buffer_remove_symbol_from_stream,3,"!stream;""s;range"
329,F:\WLIBS\compress\arith1e.c,0x24,1,1363246,110,buffer_initialize_arithmetic_decoder,2,!stream;i
329,F:\WLIBS\compress\arith1e.c,0x24,1,1363356,362,buffer_encode_symbol,3,"!stream;""s;range"
329,F:\WLIBS\compress\arith1e.c,0x24,1,1363718,123,buffer_flush_arithmetic_encoder,1,!stream
329,F:\WLIBS\compress\arith1e.c,0x24,1,1363841,425,CompressFile,8,)input;-output;argc;.argv;s;c;context;escaped
329,F:\WLIBS\compress\arith1e.c,0x24,1,1364266,443,ExpandFile,9,-input;)output;argc;.argv;s;count;c;context;last_context
329,F:\WLIBS\compress\arith1e.c,0x24,1,1364709,180,initialize_model,2,context;i
329,F:\WLIBS\compress\arith1e.c,0x24,1,1364889,78,uninit_model,2,context;i
329,F:\WLIBS\compress\arith1e.c,0x24,1,1364967,250,update_model,3,symbol;context;i
329,F:\WLIBS\compress\arith1e.c,0x24,1,1365217,209,convert_int_to_symbol,3,"c;context;""s"
329,F:\WLIBS\compress\arith1e.c,0x24,1,1365426,63,get_symbol_scale,2,"context;""s"
329,F:\WLIBS\compress\arith1e.c,0x24,1,1365489,154,convert_symbol_to_int,4,"count;context;""s;c"
329,F:\WLIBS\compress\arith1e.c,0x24,1,1365643,59,initialize_arithmetic_encoder,0,
329,F:\WLIBS\compress\arith1e.c,0x24,1,1365702,123,flush_arithmetic_encoder,1,-stream
329,F:\WLIBS\compress\arith1e.c,0x24,1,1365825,362,encode_symbol,3,"-stream;""s;range"
329,F:\WLIBS\compress\arith1e.c,0x24,1,1366187,117,get_current_count,3,"""s;range;count"
329,F:\WLIBS\compress\arith1e.c,0x24,1,1366304,110,initialize_arithmetic_decoder,2,-stream;i
329,F:\WLIBS\compress\arith1e.c,0x24,1,1366414,320,remove_symbol_from_stream,3,"-stream;""s;range"
362,F:\WLIBS\compress\bitio.c,0x24,1,1385198,107,OpenOutputBitBuffer,2,name;bit_buffer
362,F:\WLIBS\compress\bitio.c,0x24,1,1385305,107,OpenInputBitBuffer,2,name;bit_buffer
362,F:\WLIBS\compress\bitio.c,0x24,1,1385412,105,CloseOutputBitBuffer,2,bit_buffer;size
362,F:\WLIBS\compress\bitio.c,0x24,1,1385517,44,CloseInputBitBuffer,1,bit_buffer
362,F:\WLIBS\compress\bitio.c,0x24,1,1385561,256,BufferOutputBit,2,bit_buffer;bit
362,F:\WLIBS\compress\bitio.c,0x24,1,1385817,291,BufferOutputBits,4,bit_buffer;!code;count;!mask
362,F:\WLIBS\compress\bitio.c,0x24,1,1386108,297,BufferInputBit,2,bit_buffer;value
362,F:\WLIBS\compress\bitio.c,0x24,1,1386405,318,BufferInputBits,4,bit_buffer;bit_count;!mask;!return_value
362,F:\WLIBS\compress\bitio.c,0x24,1,1386723,124,OpenOutputBitFile,2,"name;,bit_file"
362,F:\WLIBS\compress\bitio.c,0x24,1,1386847,124,OpenInputBitFile,2,"name;,bit_file"
362,F:\WLIBS\compress\bitio.c,0x24,1,1386971,245,CloseOutputBitFile,1,",bit_file"
362,F:\WLIBS\compress\bitio.c,0x24,1,1387216,54,CloseInputBitFile,1,",bit_file"
362,F:\WLIBS\compress\bitio.c,0x24,1,1387270,413,OutputBit,2,",bit_file;bit"
362,F:\WLIBS\compress\bitio.c,0x24,1,1387683,448,OutputBits,4,",bit_file;!code;count;!mask"
362,F:\WLIBS\compress\bitio.c,0x24,1,1388131,416,InputBit,2,",bit_file;value"
362,F:\WLIBS\compress\bitio.c,0x24,1,1388547,437,InputBits,4,",bit_file;bit_count;!mask;!return_value"
362,F:\WLIBS\compress\bitio.c,0x24,1,1388984,99,FilePrintBinary,4,(file;code;bits;mask
364,F:\WLIBS\compress\errhand.c,0x24,1,1389107,86,fatal_error,3,fmt;error_msg;argptr
